{"stats":{"minecraft:picked_up":{"minecraft:feather":1,"minecraft:cooked_beef":737,"minecraft:splash_potion":2,"minecraft:chicken":1,"minecraft:iron_door":1,"minecraft:salmon":86,"minecraft:leather":795,"minecraft:potion":2,"minecraft:purpur_stairs":1,"minecraft:elytra":1,"minecraft:cooked_salmon":7,"minecraft:flint_and_steel":1,"minecraft:beef":265,"minecraft:redstone_torch":1,"minecraft:smooth_quartz":1,"minecraft:poppy":1,"minecraft:smooth_quartz_stairs":1,"minecraft:egg":3,"minecraft:stick":1,"minecraft:torch":1,"minecraft:spruce_fence":1,"minecraft:quartz_pillar":2,"minecraft:dead_bush":1,"minecraft:spruce_log":1,"minecraft:redstone":4,"minecraft:quartz_bricks":3,"minecraft:quartz_block":1,"minecraft:light_gray_concrete":4,"minecraft:firework_rocket":192,"minecraft:light_blue_stained_glass_pane":1,"minecraft:polished_diorite":25,"minecraft:slime_block":1,"minecraft:lever":9,"minecraft:bone_meal":4,"minecraft:birch_sign":1,"minecraft:end_rod":1,"minecraft:cod":18,"minecraft:rail":1,"minecraft:oxeye_daisy":1},"minecraft:dropped":{"minecraft:note_block":1,"minecraft:mooshroom_spawn_egg":1,"minecraft:smooth_quartz_stairs":1,"minecraft:feather":1,"minecraft:spectral_arrow":1,"minecraft:honey_bottle":1,"minecraft:quartz_bricks":4,"minecraft:dolphin_spawn_egg":1,"minecraft:light_gray_concrete":3,"minecraft:quartz_pillar":2,"minecraft:purpur_stairs":1,"minecraft:spruce_fence":1,"minecraft:elytra":1,"minecraft:rail":1,"minecraft:lily_of_the_valley":2,"minecraft:oxeye_daisy":1,"minecraft:milk_bucket":2,"minecraft:salmon_spawn_egg":1,"minecraft:quartz_block":1,"minecraft:smooth_quartz":2,"minecraft:iron_door":1,"minecraft:birch_door":1,"minecraft:potion":1,"minecraft:dead_bush":1,"minecraft:spruce_log":1,"minecraft:magma_block":1,"minecraft:light_blue_stained_glass_pane":1,"minecraft:splash_potion":4,"minecraft:egg":2,"minecraft:firework_rocket":1},"minecraft:used":{"minecraft:quartz_bricks":681,"minecraft:netherite_sword":123,"minecraft:light_blue_stained_glass_pane":3,"minecraft:water_bucket":18,"minecraft:end_rod":10,"minecraft:iron_bars":1,"minecraft:spruce_door":4,"minecraft:powered_rail":22,"minecraft:ladder":6,"minecraft:birch_wood":234,"minecraft:ender_pearl":176,"minecraft:donkey_spawn_egg":1,"minecraft:cauldron":2,"minecraft:smooth_quartz_stairs":162,"minecraft:salmon":2,"minecraft:mooshroom_spawn_egg":356,"minecraft:torch":3,"minecraft:sand":156,"minecraft:purpur_stairs":8,"minecraft:rail":3,"minecraft:tnt":45,"minecraft:crafting_table":1,"minecraft:birch_sign":10,"minecraft:crossbow":202,"minecraft:lingering_potion":1304,"minecraft:spruce_fence":111,"minecraft:light_blue_stained_glass":3,"minecraft:spruce_log":132,"minecraft:milk_bucket":18,"minecraft:polished_diorite":296,"minecraft:birch_door":9,"minecraft:redstone_torch":17,"minecraft:glass":270,"minecraft:flower_pot":2,"minecraft:lever":26,"minecraft:activator_rail":11,"minecraft:oxeye_daisy":3,"minecraft:firework_rocket":441,"minecraft:bookshelf":54,"minecraft:lantern":9,"minecraft:light_gray_concrete":3973,"minecraft:oak_stairs":16,"minecraft:grass_block":204,"minecraft:panda_spawn_egg":1,"minecraft:slime_block":23,"minecraft:pig_spawn_egg":49,"minecraft:quartz_block":7,"minecraft:chicken_spawn_egg":30,"minecraft:spruce_trapdoor":1,"minecraft:detector_rail":3,"minecraft:stone_slab":92,"minecraft:smooth_quartz":2290,"minecraft:iron_door":2,"minecraft:cat_spawn_egg":104,"minecraft:tripwire_hook":3,"minecraft:potion":14,"minecraft:dolphin_spawn_egg":121,"minecraft:cod_spawn_egg":78,"minecraft:magma_block":1,"minecraft:bow":320,"minecraft:salmon_spawn_egg":735,"minecraft:piglin_spawn_egg":1,"minecraft:minecart":102,"minecraft:glass_pane":28,"minecraft:birch_log":13,"minecraft:egg":504,"minecraft:husk_spawn_egg":8,"minecraft:splash_potion":328},"minecraft:killed":{"minecraft:parrot":1,"minecraft:salmon":44,"minecraft:wandering_trader":1,"minecraft:sheep":5,"minecraft:trader_llama":2,"minecraft:donkey":1,"minecraft:chicken":7,"minecraft:mooshroom":463},"minecraft:custom":{"minecraft:mob_kills":535,"minecraft:interact_with_crafting_table":3,"minecraft:tune_noteblock":128,"minecraft:play_one_minute":883552,"minecraft:open_shulker_box":2,"minecraft:pot_flower":1,"minecraft:interact_with_stonecutter":1,"minecraft:leave_game":40,"minecraft:time_since_death":821483,"minecraft:climb_one_cm":5355,"minecraft:time_since_rest":821565,"minecraft:sprint_one_cm":207449,"minecraft:damage_taken":280,"minecraft:walk_one_cm":1089417,"minecraft:drop":41,"minecraft:minecart_one_cm":749662,"minecraft:damage_dealt":3328,"minecraft:interact_with_beacon":2,"minecraft:talked_to_villager":5,"minecraft:fly_one_cm":2779077,"minecraft:open_chest":1,"minecraft:crouch_one_cm":633,"minecraft:deaths":1,"minecraft:sneak_time":7855,"minecraft:walk_under_water_one_cm":8138,"minecraft:aviate_one_cm":1775337,"minecraft:jump":1611,"minecraft:interact_with_blast_furnace":9,"minecraft:walk_on_water_one_cm":45315,"minecraft:inspect_dispenser":2}},"DataVersion":2586}