{"stats":{"minecraft:killed":{"minecraft:cod":1,"minecraft:tropical_fish":3,"minecraft:pufferfish":1},"minecraft:custom":{"minecraft:time_since_rest":302277,"minecraft:interact_with_furnace":1,"minecraft:sprint_one_cm":35508,"minecraft:walk_one_cm":318691,"minecraft:mob_kills":5,"minecraft:drop":44,"minecraft:damage_dealt":846,"minecraft:swim_one_cm":15275,"minecraft:fly_one_cm":1565010,"minecraft:play_one_minute":302277,"minecraft:crouch_one_cm":163,"minecraft:sneak_time":3,"minecraft:walk_under_water_one_cm":180059,"minecraft:jump":862,"minecraft:leave_game":6,"minecraft:walk_on_water_one_cm":74158,"minecraft:time_since_death":302277,"minecraft:climb_one_cm":86},"minecraft:used":{"minecraft:turtle_spawn_egg":20,"minecraft:water_bucket":193,"minecraft:grass_block":14,"minecraft:warped_roots":10,"minecraft:bedrock":103,"minecraft:mooshroom_spawn_egg":2,"minecraft:dolphin_spawn_egg":7,"minecraft:pufferfish_bucket":216,"minecraft:iron_trapdoor":4,"minecraft:crimson_door":2,"minecraft:polished_blackstone_button":11,"minecraft:bucket":24,"minecraft:cod_bucket":84,"minecraft:salmon_bucket":47,"minecraft:tropical_fish_bucket":583,"minecraft:spruce_log":300,"minecraft:gray_stained_glass":414},"minecraft:dropped":{"minecraft:water_bucket":2,"minecraft:gray_stained_glass":1,"minecraft:cod_bucket":1,"minecraft:obsidian":1,"minecraft:chicken":1,"minecraft:salmon_bucket":1,"minecraft:jungle_sapling":1,"minecraft:pufferfish_bucket":1,"minecraft:spruce_log":15,"minecraft:bedrock":12,"minecraft:tropical_fish":2,"minecraft:acacia_log":1,"minecraft:bucket":2,"minecraft:tropical_fish_bucket":2,"minecraft:pufferfish":1},"minecraft:picked_up":{"minecraft:seagrass":2,"minecraft:chicken":1,"minecraft:water_bucket":1,"minecraft:gray_stained_glass":1,"minecraft:bedrock":12,"minecraft:spruce_log":15,"minecraft:pufferfish":9,"minecraft:tropical_fish":5,"minecraft:polished_blackstone_button":2,"minecraft:scute":2,"minecraft:bone_meal":1,"minecraft:warped_roots":9,"minecraft:cod":1}},"DataVersion":2586}