{"stats":{"minecraft:killed":{"minecraft:cat":1,"minecraft:parrot":1,"minecraft:fox":1,"minecraft:mooshroom":1,"minecraft:chicken":2,"minecraft:turtle":2,"minecraft:tropical_fish":1,"minecraft:pufferfish":5},"minecraft:custom":{"minecraft:time_since_rest":343025,"minecraft:sprint_one_cm":7735,"minecraft:walk_one_cm":794242,"minecraft:mob_kills":14,"minecraft:interact_with_anvil":3,"minecraft:drop":9,"minecraft:damage_dealt":2005,"minecraft:fly_one_cm":1322013,"minecraft:play_one_minute":343025,"minecraft:walk_under_water_one_cm":11454,"minecraft:pot_flower":2,"minecraft:jump":762,"minecraft:leave_game":8,"minecraft:time_since_death":343025,"minecraft:walk_on_water_one_cm":62478},"minecraft:used":{"minecraft:birch_door":17,"minecraft:water_bucket":1,"minecraft:glass":805,"minecraft:lever":1,"minecraft:dark_oak_planks":270,"minecraft:flower_pot":2,"minecraft:black_concrete":2112,"minecraft:cow_spawn_egg":1,"minecraft:light_gray_stained_glass":1,"minecraft:quartz_slab":21,"minecraft:light_gray_concrete":64,"minecraft:iron_block":259,"minecraft:grass_block":324,"minecraft:panda_spawn_egg":7,"minecraft:cyan_bed":2,"minecraft:stone_button":4,"minecraft:quartz_block":1550,"minecraft:black_carpet":8,"minecraft:fox_spawn_egg":1,"minecraft:donkey_spawn_egg":3,"minecraft:iron_door":10,"minecraft:parrot_spawn_egg":16,"minecraft:cat_spawn_egg":2,"minecraft:oak_door":26,"minecraft:blue_carpet":60,"minecraft:torch":8,"minecraft:pink_concrete":242,"minecraft:diamond_sword":25,"minecraft:red_carpet":34,"minecraft:comparator":2,"minecraft:anvil":2,"minecraft:light_blue_concrete":94,"minecraft:furnace":4,"minecraft:blast_furnace":4,"minecraft:bucket":8,"minecraft:ice":417,"minecraft:yellow_bed":8,"minecraft:tropical_fish_bucket":59,"minecraft:painting":11,"minecraft:blue_concrete":49,"minecraft:smoker":5,"minecraft:gray_stained_glass":691},"minecraft:dropped":{"minecraft:gray_stained_glass":1,"minecraft:quartz_block":1,"minecraft:iron_door":1,"minecraft:blue_concrete":1,"minecraft:black_concrete":1,"minecraft:light_gray_concrete":1,"minecraft:light_blue_concrete":1,"minecraft:dark_oak_planks":1,"minecraft:tropical_fish_bucket":1},"minecraft:picked_up":{"minecraft:birch_boat":1,"minecraft:feather":4,"minecraft:black_carpet":1,"minecraft:light_blue_concrete":1,"minecraft:chicken":2,"minecraft:iron_door":1,"minecraft:gray_stained_glass":1,"minecraft:blue_concrete":1,"minecraft:string":2,"minecraft:dark_oak_planks":1,"minecraft:quartz_block":1,"minecraft:pufferfish":13,"minecraft:tropical_fish":8,"minecraft:black_concrete":1,"minecraft:wheat_seeds":1,"minecraft:polished_blackstone_button":1,"minecraft:bone_meal":2,"minecraft:beef":2,"minecraft:jungle_sapling":1,"minecraft:tropical_fish_bucket":1,"minecraft:seagrass":1}},"DataVersion":2586}