{"stats":{"minecraft:custom":{"minecraft:inspect_hopper":1,"minecraft:tune_noteblock":172,"minecraft:play_one_minute":565778,"minecraft:pot_flower":4,"minecraft:leave_game":11,"minecraft:time_since_death":565778,"minecraft:climb_one_cm":800,"minecraft:time_since_rest":565778,"minecraft:open_enderchest":1,"minecraft:sprint_one_cm":68121,"minecraft:walk_one_cm":620880,"minecraft:drop":18,"minecraft:minecart_one_cm":284937,"minecraft:damage_dealt":10,"minecraft:fly_one_cm":2323599,"minecraft:crouch_one_cm":7433,"minecraft:sneak_time":21636,"minecraft:walk_under_water_one_cm":33899,"minecraft:jump":1239,"minecraft:walk_on_water_one_cm":39382,"minecraft:inspect_dispenser":4,"minecraft:horse_one_cm":1387},"minecraft:used":{"minecraft:light_blue_carpet":17,"minecraft:oak_fence":24,"minecraft:petrified_oak_slab":5,"minecraft:water_bucket":333,"minecraft:iron_bars":10,"minecraft:smooth_quartz_slab":121,"minecraft:powered_rail":163,"minecraft:redstone":248,"minecraft:dispenser":8,"minecraft:polished_andesite":79,"minecraft:oak_planks":511,"minecraft:ladder":8,"minecraft:oak_sign":40,"minecraft:ender_pearl":31,"minecraft:stone":61,"minecraft:redstone_block":437,"minecraft:wooden_shovel":1,"minecraft:netherrack":4,"minecraft:smooth_quartz_stairs":72,"minecraft:white_wool":2,"minecraft:soul_sand":7,"minecraft:rail":34,"minecraft:comparator":7,"minecraft:oak_slab":110,"minecraft:hopper":9,"minecraft:light_blue_wool":1,"minecraft:pink_terracotta":6,"minecraft:note_block":13,"minecraft:infested_stone_bricks":17,"minecraft:light_blue_stained_glass":428,"minecraft:obsidian":23,"minecraft:redstone_torch":1,"minecraft:oak_log":422,"minecraft:sticky_piston":26,"minecraft:glass":1,"minecraft:stone_brick_slab":141,"minecraft:lever":80,"minecraft:flower_pot":4,"minecraft:sea_lantern":14,"minecraft:black_wool":1,"minecraft:red_wool":2,"minecraft:black_stained_glass_pane":8,"minecraft:light_gray_concrete":492,"minecraft:gray_stained_glass_pane":231,"minecraft:quartz_slab":124,"minecraft:cyan_carpet":6,"minecraft:grass_block":296,"minecraft:oak_stairs":14,"minecraft:stone_button":35,"minecraft:oak_button":11,"minecraft:slime_block":17,"minecraft:quartz_block":46,"minecraft:cyan_concrete":245,"minecraft:red_terracotta":32,"minecraft:smooth_quartz":2198,"minecraft:iron_door":1,"minecraft:stone_brick_stairs":50,"minecraft:stone_bricks":80,"minecraft:soul_lantern":5,"minecraft:item_frame":3,"minecraft:birch_trapdoor":2,"minecraft:repeater":10,"minecraft:redstone_lamp":31,"minecraft:cobblestone":59,"minecraft:bow":151,"minecraft:iron_trapdoor":16,"minecraft:white_stained_glass_pane":13,"minecraft:minecart":10,"minecraft:glass_pane":3,"minecraft:observer":5,"minecraft:splash_potion":401,"minecraft:gray_stained_glass":17},"minecraft:dropped":{"minecraft:lever":2,"minecraft:minecart":1,"minecraft:oak_planks":1,"minecraft:slime_block":1,"minecraft:grass_block":4,"minecraft:stone_button":2,"minecraft:wooden_axe":2,"minecraft:cyan_concrete":1,"minecraft:redstone_block":2,"minecraft:redstone":2},"minecraft:picked_up":{"minecraft:wooden_axe":2,"minecraft:black_carpet":1,"minecraft:iron_chestplate":1,"minecraft:barrier":1,"minecraft:redstone_block":2,"minecraft:iron_leggings":1,"minecraft:flint_and_steel":2,"minecraft:item_frame":1,"minecraft:oak_sign":2,"minecraft:comparator":2,"minecraft:poppy":1,"minecraft:minecart":1,"minecraft:powered_rail":5,"minecraft:cyan_concrete":1,"minecraft:oak_planks":1,"minecraft:iron_boots":1,"minecraft:stone":1,"minecraft:dandelion":1,"minecraft:structure_void":1,"minecraft:stone_button":3,"minecraft:grass_block":2,"minecraft:redstone":12,"minecraft:light_gray_concrete":1,"minecraft:lever":4,"minecraft:light_blue_carpet":1,"minecraft:iron_helmet":1,"minecraft:oak_button":2,"minecraft:rail":2}},"DataVersion":2586}