{"stats":{"minecraft:crafted":{"minecraft:leather_leggings":1,"minecraft:leather_boots":1,"minecraft:leather_helmet":1,"minecraft:leather_chestplate":1},"minecraft:picked_up":{"minecraft:feather":25,"minecraft:chicken":21,"minecraft:leather":53,"minecraft:string":2,"minecraft:lantern":8,"minecraft:gray_concrete_powder":64,"minecraft:leather_boots":1,"minecraft:red_carpet":35,"minecraft:smooth_quartz":1,"minecraft:rabbit":1,"minecraft:yellow_concrete":64,"minecraft:spruce_door":1,"minecraft:chicken_spawn_egg":1,"minecraft:brown_carpet":1,"minecraft:light_blue_carpet":2,"minecraft:spruce_sign":1,"minecraft:rabbit_spawn_egg":64},"minecraft:killed":{"minecraft:cat":1,"minecraft:sheep":7,"minecraft:donkey":64,"minecraft:fox":1,"minecraft:chicken":50},"minecraft:dropped":{"minecraft:gray_stained_glass":1,"minecraft:bookshelf":1,"minecraft:yellow_concrete":64,"minecraft:chicken":1,"minecraft:lantern":8,"minecraft:elytra":1,"minecraft:leather_helmet":2,"minecraft:red_carpet":64,"minecraft:leather_chestplate":2,"minecraft:rabbit_spawn_egg":64,"minecraft:blue_dye":63,"minecraft:wooden_axe":1,"minecraft:smooth_quartz":2,"minecraft:leather_boots":2,"minecraft:fire_charge":1,"minecraft:leather_leggings":2,"minecraft:smooth_quartz_slab":1,"minecraft:gray_concrete_powder":64,"minecraft:spruce_log":1,"minecraft:black_stained_glass":1,"minecraft:gray_dye":63,"minecraft:gray_carpet":32,"minecraft:armor_stand":16},"minecraft:custom":{"minecraft:mob_kills":133,"minecraft:interact_with_crafting_table":9,"minecraft:play_one_minute":384997,"minecraft:open_shulker_box":2,"minecraft:leave_game":11,"minecraft:time_since_death":384997,"minecraft:climb_one_cm":1084,"minecraft:time_since_rest":384997,"minecraft:sprint_one_cm":780854,"minecraft:open_enderchest":1,"minecraft:walk_one_cm":1084941,"minecraft:drop":36,"minecraft:damage_dealt":17467,"minecraft:interact_with_beacon":20,"minecraft:swim_one_cm":15602,"minecraft:fly_one_cm":2780347,"minecraft:crouch_one_cm":12723,"minecraft:sneak_time":8300,"minecraft:walk_under_water_one_cm":59321,"minecraft:aviate_one_cm":119765,"minecraft:jump":3004,"minecraft:walk_on_water_one_cm":12782},"minecraft:used":{"minecraft:diorite_stairs":41,"minecraft:light_blue_carpet":354,"minecraft:oak_fence":84,"minecraft:oak_trapdoor":1,"minecraft:water_bucket":17,"minecraft:netherite_sword":249,"minecraft:end_rod":24,"minecraft:tube_coral_block":2,"minecraft:spruce_door":50,"minecraft:smooth_quartz_slab":11,"minecraft:armor_stand":2,"minecraft:red_stained_glass":97,"minecraft:gray_carpet":198,"minecraft:prismarine_stairs":6,"minecraft:bubble_coral_fan":3,"minecraft:light_gray_carpet":6,"minecraft:black_carpet":9,"minecraft:spruce_planks":20,"minecraft:donkey_spawn_egg":158,"minecraft:fox_spawn_egg":1,"minecraft:ender_chest":1,"minecraft:cauldron":2,"minecraft:spruce_sign":16,"minecraft:parrot_spawn_egg":6,"minecraft:beacon":136,"minecraft:sheep_spawn_egg":2,"minecraft:quartz_stairs":69,"minecraft:horse_spawn_egg":2,"minecraft:tube_coral":6,"minecraft:oak_leaves":8,"minecraft:smooth_quartz_stairs":163,"minecraft:torch":23,"minecraft:rabbit_spawn_egg":2,"minecraft:orange_carpet":10,"minecraft:sand":155,"minecraft:crafting_table":1,"minecraft:loom":12,"minecraft:blue_stained_glass":6,"minecraft:spruce_stairs":5,"minecraft:phantom_spawn_egg":1,"minecraft:white_bed":29,"minecraft:salmon_bucket":5,"minecraft:yellow_concrete":24,"minecraft:cod_bucket":2,"minecraft:acacia_button":9,"minecraft:yellow_carpet":9,"minecraft:polished_granite_slab":82,"minecraft:fire_coral":6,"minecraft:spruce_log":15,"minecraft:milk_bucket":3,"minecraft:creeper_spawn_egg":4,"minecraft:glass":153,"minecraft:black_concrete":55,"minecraft:firework_rocket":97,"minecraft:bookshelf":82,"minecraft:red_wool":22,"minecraft:light_gray_concrete":39,"minecraft:lime_carpet":10,"minecraft:iron_block":1556,"minecraft:lantern":78,"minecraft:panda_spawn_egg":3,"minecraft:cyan_bed":30,"minecraft:cyan_carpet":19,"minecraft:chicken_spawn_egg":70,"minecraft:gray_concrete_powder":85,"minecraft:smooth_quartz":4013,"minecraft:iron_door":30,"minecraft:cat_spawn_egg":2,"minecraft:blue_carpet":18,"minecraft:ocelot_spawn_egg":2,"minecraft:diamond_sword":18,"minecraft:fire_coral_block":3,"minecraft:dolphin_spawn_egg":15,"minecraft:red_carpet":358,"minecraft:horn_coral":2,"minecraft:brown_carpet":312,"minecraft:warped_stairs":102,"minecraft:black_stained_glass":255,"minecraft:pufferfish_bucket":5,"minecraft:bubble_coral_block":2,"minecraft:chain":39,"minecraft:horn_coral_block":4,"minecraft:stone_pressure_plate":54,"minecraft:kelp":72,"minecraft:tropical_fish_bucket":60,"minecraft:purple_carpet":19,"minecraft:splash_potion":565,"minecraft:gray_stained_glass":456}},"DataVersion":2586}