{"stats":{"minecraft:dropped":{"minecraft:wooden_axe":1,"minecraft:light_gray_concrete":1},"minecraft:custom":{"minecraft:time_since_rest":206621,"minecraft:sprint_one_cm":129976,"minecraft:walk_one_cm":134162,"minecraft:drop":2,"minecraft:minecart_one_cm":111068,"minecraft:swim_one_cm":119,"minecraft:tune_noteblock":67,"minecraft:fly_one_cm":1491398,"minecraft:play_one_minute":206621,"minecraft:crouch_one_cm":13981,"minecraft:open_shulker_box":1,"minecraft:sneak_time":9921,"minecraft:walk_under_water_one_cm":4404,"minecraft:aviate_one_cm":2416072,"minecraft:jump":572,"minecraft:eat_cake_slice":3,"minecraft:leave_game":13,"minecraft:time_since_death":206621,"minecraft:walk_on_water_one_cm":4499,"minecraft:climb_one_cm":902,"minecraft:inspect_dispenser":20},"minecraft:used":{"minecraft:glass":77,"minecraft:lever":2,"minecraft:firework_rocket":70,"minecraft:light_gray_concrete":19,"minecraft:lantern":2,"minecraft:dispenser":106,"minecraft:redstone":166,"minecraft:barrier":1,"minecraft:ladder":1,"minecraft:oak_sign":15,"minecraft:stone":175,"minecraft:redstone_block":150,"minecraft:structure_void":12,"minecraft:item_frame":3,"minecraft:repeater":74,"minecraft:dirt":117,"minecraft:comparator":2,"minecraft:written_book":5,"minecraft:chain":5,"minecraft:note_block":4,"minecraft:observer":2,"minecraft:splash_potion":2},"minecraft:picked_up":{"minecraft:wooden_axe":1,"minecraft:water_bucket":10,"minecraft:redstone":7,"minecraft:lantern":2,"minecraft:bucket":1}},"DataVersion":2586}