{"stats":{"minecraft:killed":{"minecraft:chicken":2,"minecraft:salmon":2},"minecraft:crafted":{"minecraft:leather_leggings":1,"minecraft:leather_boots":1,"minecraft:leather_chestplate":2,"minecraft:leather_helmet":1},"minecraft:custom":{"minecraft:time_since_rest":158791,"minecraft:sprint_one_cm":18279,"minecraft:walk_one_cm":347613,"minecraft:mob_kills":4,"minecraft:drop":3,"minecraft:damage_dealt":203,"minecraft:tune_noteblock":64,"minecraft:interact_with_crafting_table":2,"minecraft:fly_one_cm":483425,"minecraft:play_one_minute":158791,"minecraft:crouch_one_cm":1421,"minecraft:sneak_time":1095,"minecraft:walk_under_water_one_cm":6941,"minecraft:aviate_one_cm":930159,"minecraft:jump":621,"minecraft:leave_game":8,"minecraft:time_since_death":158791,"minecraft:walk_on_water_one_cm":6626,"minecraft:enchant_item":5,"minecraft:inspect_dispenser":17},"minecraft:used":{"minecraft:netherite_sword":2,"minecraft:ender_eye":12,"minecraft:enchanting_table":3,"minecraft:black_concrete":86,"minecraft:iron_bars":11,"minecraft:firework_rocket":61,"minecraft:bookshelf":160,"minecraft:light_gray_concrete":1,"minecraft:armor_stand":5,"minecraft:oak_stairs":13,"minecraft:dispenser":12,"minecraft:oak_planks":218,"minecraft:oak_sign":13,"minecraft:ender_pearl":83,"minecraft:stone":777,"minecraft:spruce_trapdoor":9,"minecraft:oak_pressure_plate":3,"minecraft:iron_door":5,"minecraft:quartz_stairs":3,"minecraft:item_frame":9,"minecraft:torch":31,"minecraft:diamond_sword":4,"minecraft:wooden_sword":2,"minecraft:potion":1,"minecraft:light_blue_concrete":147,"minecraft:crafting_table":1,"minecraft:end_portal_frame":12,"minecraft:yellow_concrete":17,"minecraft:glass_pane":83,"minecraft:stone_pressure_plate":9,"minecraft:lingering_potion":13,"minecraft:white_concrete":1050,"minecraft:husk_spawn_egg":1,"minecraft:infested_stone_bricks":278,"minecraft:dark_oak_door":3},"minecraft:dropped":{"minecraft:white_concrete":1,"minecraft:netherite_sword":1,"minecraft:ender_eye":1},"minecraft:picked_up":{"minecraft:chicken":1,"minecraft:feather":1,"minecraft:salmon":1,"minecraft:water_bucket":32,"minecraft:dandelion":1,"minecraft:oak_sign":2,"minecraft:wheat_seeds":1,"minecraft:ender_eye":1,"minecraft:white_concrete":1}},"DataVersion":2586}