{"stats":{"minecraft:picked_up":{"minecraft:sponge":1,"minecraft:iron_chestplate":1,"minecraft:azure_bluet":1,"minecraft:chicken":2,"minecraft:iron_door":2,"minecraft:salmon":45,"minecraft:leather":52,"minecraft:potion":7,"minecraft:cornflower":2,"minecraft:lantern":1,"minecraft:item_frame":1,"minecraft:detector_rail":1,"minecraft:comparator":2,"minecraft:beef":77,"minecraft:poppy":2,"minecraft:egg":1,"minecraft:stone":1,"minecraft:torch":5,"minecraft:sand":1,"minecraft:porkchop":3,"minecraft:spruce_sapling":4,"minecraft:warped_pressure_plate":15,"minecraft:spruce_log":1,"minecraft:redstone":7,"minecraft:netherite_block":1,"minecraft:light_gray_concrete":1,"minecraft:polished_blackstone_pressure_plate":3,"minecraft:lever":1,"minecraft:polished_blackstone_button":3,"minecraft:bone_meal":5,"minecraft:obsidian":4,"minecraft:cod":10},"minecraft:dropped":{"minecraft:crimson_planks":106,"minecraft:mooshroom_spawn_egg":64,"minecraft:obsidian":5,"minecraft:iron_helmet":1,"minecraft:iron_boots":1,"minecraft:slime_block":1,"minecraft:light_gray_concrete":4,"minecraft:polished_blackstone_button":3,"minecraft:elytra":1,"minecraft:salmon":42,"minecraft:stone":3,"minecraft:polished_blackstone_pressure_plate":2,"minecraft:crimson_slab":1,"minecraft:stone_button":1,"minecraft:sponge":1,"minecraft:netherite_block":1,"minecraft:iron_chestplate":3,"minecraft:iron_door":1,"minecraft:iron_leggings":1,"minecraft:bone_meal":1,"minecraft:spruce_log":1,"minecraft:glass":64,"minecraft:beef":64,"minecraft:white_wool":1,"minecraft:polished_granite":1,"minecraft:redstone":1},"minecraft:used":{"minecraft:oak_fence":58,"minecraft:petrified_oak_slab":2,"minecraft:netherite_sword":169,"minecraft:spruce_door":2,"minecraft:acacia_trapdoor":1,"minecraft:spruce_slab":204,"minecraft:redstone":104,"minecraft:oak_sign":2,"minecraft:spruce_planks":44,"minecraft:stone":133,"minecraft:zombie_spawn_egg":7,"minecraft:white_wool":3,"minecraft:salmon":1,"minecraft:mooshroom_spawn_egg":57,"minecraft:torch":21,"minecraft:polished_blackstone_pressure_plate":22,"minecraft:diamond_block":58,"minecraft:sand":82,"minecraft:ancient_debris":2,"minecraft:birch_sign":3,"minecraft:prismarine_brick_stairs":19,"minecraft:sponge":24,"minecraft:note_block":2,"minecraft:acacia_sapling":2,"minecraft:warped_pressure_plate":20,"minecraft:light_blue_stained_glass":80,"minecraft:spruce_log":779,"minecraft:milk_bucket":1,"minecraft:obsidian":2982,"minecraft:birch_fence":8,"minecraft:redstone_torch":2,"minecraft:jungle_sapling":8,"minecraft:sticky_piston":58,"minecraft:glass":481,"minecraft:netherite_block":95,"minecraft:lever":11,"minecraft:firework_rocket":9,"minecraft:black_concrete":17,"minecraft:stone_button":12,"minecraft:netherite_axe":32,"minecraft:iron_block":261,"minecraft:birch_sapling":2,"minecraft:slime_block":18,"minecraft:acacia_door":8,"minecraft:spruce_wood":44,"minecraft:oak_stairs":5,"minecraft:light_gray_concrete":1139,"minecraft:grass_block":2,"minecraft:quartz_block":122,"minecraft:crimson_slab":1,"minecraft:warped_nylium":55,"minecraft:cyan_concrete":240,"minecraft:polished_granite":250,"minecraft:spruce_trapdoor":19,"minecraft:smooth_quartz":10,"minecraft:iron_door":7,"minecraft:spruce_sapling":235,"minecraft:stone_brick_stairs":58,"minecraft:repeater":11,"minecraft:potion":5,"minecraft:beef":2,"minecraft:pufferfish_bucket":108,"minecraft:stripped_oak_wood":2,"minecraft:oak_sapling":9,"minecraft:glass_pane":6,"minecraft:polished_blackstone_button":5,"minecraft:observer":6,"minecraft:polished_blackstone_stairs":8,"minecraft:bone_meal":309,"minecraft:dark_oak_sapling":5},"minecraft:killed":{"minecraft:pig":1,"minecraft:salmon":22,"minecraft:mooshroom":113,"minecraft:cow":1},"minecraft:custom":{"minecraft:mob_kills":149,"minecraft:tune_noteblock":97,"minecraft:play_one_minute":648978,"minecraft:open_shulker_box":1,"minecraft:bell_ring":3,"minecraft:eat_cake_slice":56,"minecraft:leave_game":22,"minecraft:time_since_death":648978,"minecraft:climb_one_cm":5081,"minecraft:time_since_rest":648978,"minecraft:sprint_one_cm":446542,"minecraft:open_enderchest":2,"minecraft:walk_one_cm":1471194,"minecraft:drop":312,"minecraft:minecart_one_cm":37212,"minecraft:damage_dealt":7539,"minecraft:swim_one_cm":1064,"minecraft:fly_one_cm":3690559,"minecraft:open_chest":1,"minecraft:crouch_one_cm":37406,"minecraft:sneak_time":15860,"minecraft:walk_under_water_one_cm":15857,"minecraft:aviate_one_cm":258497,"minecraft:jump":2876,"minecraft:walk_on_water_one_cm":29703}},"DataVersion":2586}