{"stats":{"minecraft:picked_up":{"minecraft:azure_bluet":8,"minecraft:chicken":23,"minecraft:ladder":31,"minecraft:yellow_wool":1,"minecraft:redstone_lamp":1,"minecraft:lead":4,"minecraft:gilded_blackstone":1,"minecraft:iron_axe":1,"minecraft:flint_and_steel":1,"minecraft:light_weighted_pressure_plate":1,"minecraft:redstone_torch":16,"minecraft:poppy":1,"minecraft:sugar_cane":2,"minecraft:egg":5,"minecraft:oak_door":2,"minecraft:torch":68,"minecraft:porkchop":2,"minecraft:stone_button":3,"minecraft:redstone":1,"minecraft:tnt":1,"minecraft:tropical_fish":11,"minecraft:warped_sign":1,"minecraft:brick_stairs":1,"minecraft:mutton":4,"minecraft:rail":2,"minecraft:white_wool":3,"minecraft:stripped_oak_log":1,"minecraft:sponge":1,"minecraft:birch_log":1,"minecraft:feather":22,"minecraft:jungle_pressure_plate":2,"minecraft:water_bucket":11,"minecraft:leather":5,"minecraft:lantern":20,"minecraft:glass":1,"minecraft:creeper_spawn_egg":2,"minecraft:wheat_seeds":26,"minecraft:powered_rail":2,"minecraft:oak_planks":2,"minecraft:scaffolding":1,"minecraft:dandelion":13,"minecraft:spruce_log":1,"minecraft:red_stained_glass":1,"minecraft:scute":1,"minecraft:painting":1,"minecraft:black_wool":2},"minecraft:dropped":{"minecraft:wheat_seeds":6,"minecraft:tnt":1,"minecraft:creeper_spawn_egg":2,"minecraft:red_wool":1,"minecraft:red_stained_glass":1,"minecraft:rail":3,"minecraft:redstone_lamp":1,"minecraft:sponge":1,"minecraft:gilded_blackstone":1,"minecraft:iron_axe":1,"minecraft:birch_log":1,"minecraft:golden_chestplate":1,"minecraft:yellow_wool":1,"minecraft:oak_planks":2,"minecraft:stripped_oak_log":1,"minecraft:azure_bluet":6,"minecraft:red_terracotta":1,"minecraft:brick_stairs":1,"minecraft:redstone_torch":5,"minecraft:spruce_log":1,"minecraft:powered_rail":1,"minecraft:glass":1,"minecraft:scaffolding":1,"minecraft:acacia_fence":1,"minecraft:black_wool":2},"minecraft:used":{"minecraft:petrified_oak_slab":10,"minecraft:netherite_sword":5,"minecraft:redstone":11,"minecraft:ladder":102,"minecraft:oak_sign":2,"minecraft:spruce_planks":206,"minecraft:stone":219,"minecraft:iron_sword":12,"minecraft:creeper_head":33,"minecraft:oak_door":6,"minecraft:torch":240,"minecraft:dirt":76,"minecraft:hopper":1,"minecraft:jungle_planks":2824,"minecraft:jungle_slab":15,"minecraft:stone_stairs":2,"minecraft:yellow_carpet":34,"minecraft:glass":1408,"minecraft:bricks":269,"minecraft:quartz_slab":2,"minecraft:red_wool":5780,"minecraft:grass_block":31,"minecraft:lantern":223,"minecraft:light_weighted_pressure_plate":48,"minecraft:brick_stairs":139,"minecraft:polished_andesite_stairs":7,"minecraft:green_wool":3955,"minecraft:light_blue_bed":23,"minecraft:light_gray_wool":42,"minecraft:golden_sword":53,"minecraft:glowstone":58,"minecraft:iron_trapdoor":1,"minecraft:scaffolding":65,"minecraft:lime_stained_glass":242,"minecraft:minecart":15,"minecraft:acacia_fence":191,"minecraft:gold_block":58,"minecraft:trapped_chest":18,"minecraft:stone_pressure_plate":3,"minecraft:dragon_head":2,"minecraft:water_bucket":539,"minecraft:diorite":120,"minecraft:spruce_door":15,"minecraft:dropper":3,"minecraft:red_stained_glass":481,"minecraft:powered_rail":437,"minecraft:gray_carpet":18,"minecraft:jungle_fence":317,"minecraft:lime_wool":5,"minecraft:oak_planks":259,"minecraft:birch_wood":35,"minecraft:blue_wool":5,"minecraft:mossy_stone_brick_stairs":38,"minecraft:jungle_pressure_plate":23,"minecraft:spruce_sign":2,"minecraft:gilded_blackstone":836,"minecraft:white_wool":13785,"minecraft:dark_oak_trapdoor":3,"minecraft:rail":49,"minecraft:tnt":72,"minecraft:lime_bed":2,"minecraft:white_bed":6,"minecraft:sponge":1793,"minecraft:painting":74,"minecraft:black_bed":4,"minecraft:cake":9,"minecraft:spruce_log":325,"minecraft:creeper_spawn_egg":13,"minecraft:redstone_torch":178,"minecraft:sticky_piston":5,"minecraft:piston":31,"minecraft:lever":20,"minecraft:black_wool":3597,"minecraft:acacia_sign":1,"minecraft:birch_fence_gate":8,"minecraft:acacia_door":1,"minecraft:cracked_polished_blackstone_bricks":3,"minecraft:string":6,"minecraft:stone_button":14,"minecraft:jungle_stairs":360,"minecraft:red_terracotta":6,"minecraft:oak_pressure_plate":5,"minecraft:iron_door":9,"minecraft:crimson_nylium":595,"minecraft:yellow_wool":1734,"minecraft:jungle_sign":2,"minecraft:pufferfish_bucket":6,"minecraft:smithing_table":1,"minecraft:jungle_door":26,"minecraft:birch_log":455,"minecraft:chain":19,"minecraft:glass_pane":51,"minecraft:stripped_oak_log":2,"minecraft:tropical_fish_bucket":374,"minecraft:gray_wool":2062},"minecraft:killed":{"minecraft:pufferfish":3,"minecraft:chicken":24,"minecraft:snow_golem":2,"minecraft:tropical_fish":2,"minecraft:parrot":1,"minecraft:pig":1,"minecraft:wandering_trader":3,"minecraft:sheep":2,"minecraft:trader_llama":4,"minecraft:mooshroom":1},"minecraft:custom":{"minecraft:inspect_dropper":6,"minecraft:mob_kills":43,"minecraft:inspect_hopper":3,"minecraft:bell_ring":12,"minecraft:leave_game":33,"minecraft:time_since_death":122,"minecraft:climb_one_cm":23403,"minecraft:sprint_one_cm":86367,"minecraft:walk_one_cm":4446089,"minecraft:drop":44,"minecraft:talked_to_villager":8,"minecraft:deaths":2,"minecraft:sneak_time":11688,"minecraft:walk_under_water_one_cm":474489,"minecraft:jump":4067,"minecraft:interact_with_blast_furnace":1,"minecraft:walk_on_water_one_cm":143563,"minecraft:play_one_minute":1615781,"minecraft:time_since_rest":179,"minecraft:damage_taken":560,"minecraft:trigger_trapped_chest":11,"minecraft:damage_dealt":5292,"minecraft:minecart_one_cm":345601,"minecraft:swim_one_cm":635,"minecraft:fly_one_cm":5226912,"minecraft:open_chest":4,"minecraft:crouch_one_cm":1068,"minecraft:interact_with_smoker":1}},"DataVersion":2586}