{"stats":{"minecraft:custom":{"minecraft:time_since_rest":236766,"minecraft:walk_one_cm":246433,"minecraft:drop":90,"minecraft:interact_with_beacon":19,"minecraft:tune_noteblock":33,"minecraft:fly_one_cm":1751328,"minecraft:crouch_one_cm":373,"minecraft:play_one_minute":236766,"minecraft:sneak_time":4549,"minecraft:walk_under_water_one_cm":1774,"minecraft:jump":286,"minecraft:leave_game":5,"minecraft:walk_on_water_one_cm":31636,"minecraft:time_since_death":236766,"minecraft:climb_one_cm":184},"minecraft:used":{"minecraft:glass":378,"minecraft:water_bucket":33,"minecraft:black_concrete":2,"minecraft:light_gray_concrete":892,"minecraft:birch_leaves":235,"minecraft:polished_andesite":10,"minecraft:ladder":264,"minecraft:birch_wood":80,"minecraft:beacon":186,"minecraft:oak_door":8,"minecraft:torch":9,"minecraft:potion":8,"minecraft:blue_stained_glass":2,"minecraft:white_stained_glass":1,"minecraft:campfire":141,"minecraft:white_concrete":1,"minecraft:light_blue_stained_glass":55,"minecraft:golden_axe":1,"minecraft:dark_oak_sapling":162},"minecraft:dropped":{"minecraft:oak_door":1,"minecraft:water_bucket":3,"minecraft:birch_leaves":2,"minecraft:light_blue_stained_glass":1,"minecraft:white_concrete":1,"minecraft:dark_oak_sapling":3,"minecraft:ladder":1,"minecraft:potion":8,"minecraft:gilded_blackstone":2,"minecraft:birch_wood":1,"minecraft:glass":1,"minecraft:black_concrete":2,"minecraft:light_gray_concrete":2,"minecraft:oak_sign":4,"minecraft:white_stained_glass":2,"minecraft:bucket":3,"minecraft:grass_block":1,"minecraft:dandelion":2,"minecraft:firework_rocket":64},"minecraft:picked_up":{"minecraft:dark_oak_sapling":2,"minecraft:water_bucket":1,"minecraft:dandelion":4,"minecraft:gilded_blackstone":1,"minecraft:light_gray_concrete":1,"minecraft:sticky_piston":11,"minecraft:glass":1,"minecraft:oak_sign":3,"minecraft:black_concrete":2,"minecraft:wheat_seeds":5,"minecraft:bucket":2,"minecraft:white_concrete":1,"minecraft:oxeye_daisy":1}},"DataVersion":2586}