{"stats":{"minecraft:killed":{"minecraft:pig":4,"minecraft:wandering_trader":1,"minecraft:villager":1,"minecraft:cow":1},"minecraft:dropped":{"minecraft:yellow_concrete":1,"minecraft:barrier":1,"minecraft:quartz_pillar":1,"minecraft:tropical_fish":3,"minecraft:structure_void":1,"minecraft:item_frame":2,"minecraft:light_blue_stained_glass":1,"minecraft:torch":528,"minecraft:cornflower":1,"minecraft:white_concrete":1,"minecraft:smooth_quartz":1,"minecraft:potion":6,"minecraft:black_concrete":2,"minecraft:polished_diorite":25,"minecraft:chicken":1,"minecraft:slime_block":1,"minecraft:quartz_bricks":2,"minecraft:light_gray_concrete":11,"minecraft:nether_bricks":1,"minecraft:salmon":1,"minecraft:filled_map":1,"minecraft:glass":1,"minecraft:firework_rocket":3},"minecraft:custom":{"minecraft:mob_kills":7,"minecraft:interact_with_crafting_table":1,"minecraft:leave_game":12,"minecraft:time_since_death":204422,"minecraft:climb_one_cm":28231,"minecraft:sprint_one_cm":744513,"minecraft:walk_one_cm":1260042,"minecraft:drop":92,"minecraft:talked_to_villager":26,"minecraft:deaths":1,"minecraft:walk_under_water_one_cm":40986,"minecraft:sneak_time":14363,"minecraft:jump":6479,"minecraft:interact_with_blast_furnace":1,"minecraft:walk_on_water_one_cm":46806,"minecraft:interact_with_furnace":3,"minecraft:interact_with_cartography_table":2,"minecraft:tune_noteblock":16,"minecraft:play_one_minute":681374,"minecraft:time_since_rest":204473,"minecraft:open_enderchest":7,"minecraft:damage_taken":520,"minecraft:damage_dealt":816,"minecraft:minecart_one_cm":362,"minecraft:interact_with_beacon":32,"minecraft:swim_one_cm":9769,"minecraft:fly_one_cm":4725960,"minecraft:open_chest":1,"minecraft:crouch_one_cm":7391,"minecraft:aviate_one_cm":13857396,"minecraft:inspect_dispenser":5,"minecraft:horse_one_cm":2886},"minecraft:used":{"minecraft:nether_brick_fence":80,"minecraft:trident":4,"minecraft:light_blue_stained_glass_pane":1,"minecraft:enchanting_table":1,"minecraft:iron_shovel":80,"minecraft:ladder":94,"minecraft:oak_sign":12,"minecraft:ender_chest":2,"minecraft:stone":161,"minecraft:nether_wart":11,"minecraft:warped_sign":12,"minecraft:quartz_stairs":4,"minecraft:netherrack":255,"minecraft:spruce_leaves":23,"minecraft:torch":296,"minecraft:dirt":5,"minecraft:soul_sand":14,"minecraft:twisting_vines":6,"minecraft:nether_bricks":103,"minecraft:nether_brick_slab":41,"minecraft:light_blue_stained_glass":1141,"minecraft:weeping_vines":20,"minecraft:milk_bucket":10,"minecraft:polished_diorite":57,"minecraft:obsidian":121,"minecraft:glass":910,"minecraft:quartz_pillar":192,"minecraft:villager_spawn_egg":8,"minecraft:spruce_wood":21,"minecraft:quartz_slab":1,"minecraft:black_stained_glass_pane":38,"minecraft:grass_block":219,"minecraft:slime_block":32,"minecraft:quartz_block":28,"minecraft:warped_nylium":38,"minecraft:smooth_quartz":729,"minecraft:stone_brick_stairs":24,"minecraft:stone_bricks":3,"minecraft:item_frame":32,"minecraft:bedrock":23,"minecraft:red_stained_glass_pane":1,"minecraft:redstone_lamp":12,"minecraft:honeycomb_block":49,"minecraft:magma_block":50,"minecraft:bow":42,"minecraft:warped_fungus":1,"minecraft:furnace":1,"minecraft:oak_sapling":13,"minecraft:stone_pressure_plate":1,"minecraft:orange_stained_glass_pane":38,"minecraft:dead_bubble_coral_fan":2,"minecraft:crimson_stem":16,"minecraft:quartz_bricks":1254,"minecraft:water_bucket":139,"minecraft:warped_stem":18,"minecraft:wither_skeleton_skull":1,"minecraft:dark_oak_sign":15,"minecraft:cartography_table":2,"minecraft:structure_void":70,"minecraft:beacon":49,"minecraft:warped_roots":3,"minecraft:oak_leaves":3,"minecraft:white_wool":4,"minecraft:dark_oak_trapdoor":7,"minecraft:crafting_table":1,"minecraft:yellow_stained_glass_pane":1,"minecraft:yellow_concrete":16,"minecraft:crossbow":1,"minecraft:dark_oak_fence_gate":4,"minecraft:note_block":1,"minecraft:spruce_log":40,"minecraft:blue_stained_glass_pane":1,"minecraft:piston":1,"minecraft:netherite_block":299,"minecraft:lever":12,"minecraft:black_concrete":120,"minecraft:warped_trapdoor":9,"minecraft:firework_rocket":285,"minecraft:light_gray_concrete":4289,"minecraft:nether_sprouts":10,"minecraft:barrier":1,"minecraft:stone_button":12,"minecraft:pig_spawn_egg":10,"minecraft:map":4,"minecraft:spruce_trapdoor":1,"minecraft:iron_door":6,"minecraft:gravel":11,"minecraft:crimson_nylium":24,"minecraft:crimson_sign":7,"minecraft:nether_wart_block":3,"minecraft:potion":1,"minecraft:grass_path":22,"minecraft:magenta_glazed_terracotta":66,"minecraft:wither_rose":13,"minecraft:white_concrete":1685,"minecraft:bone_meal":28,"minecraft:splash_potion":49},"minecraft:crafted":{"minecraft:air":0,"minecraft:charcoal":1},"minecraft:picked_up":{"minecraft:azure_bluet":1,"minecraft:splash_potion":1,"minecraft:chicken":1,"minecraft:ladder":50,"minecraft:potion":4,"minecraft:cornflower":8,"minecraft:netherite_ingot":5,"minecraft:item_frame":36,"minecraft:bucket":1,"minecraft:beef":3,"minecraft:poppy":4,"minecraft:smooth_quartz":1,"minecraft:crimson_sign":1,"minecraft:stone":1,"minecraft:torch":3131,"minecraft:porkchop":5,"minecraft:stone_button":2,"minecraft:redstone":3,"minecraft:tropical_fish":3,"minecraft:nether_bricks":1,"minecraft:oxeye_daisy":3,"minecraft:magma_block":1,"minecraft:salmon":2,"minecraft:leather":2,"minecraft:red_mushroom":5,"minecraft:filled_map":1,"minecraft:wheat_seeds":20,"minecraft:dandelion":10,"minecraft:lily_of_the_valley":2,"minecraft:netherite_block":1,"minecraft:quartz_bricks":1,"minecraft:light_gray_concrete":7,"minecraft:firework_rocket":14,"minecraft:black_concrete":1,"minecraft:lever":1,"minecraft:white_concrete":1}},"DataVersion":2586}