{"stats":{"minecraft:dropped":{"minecraft:filled_map":4,"minecraft:wooden_axe":7,"minecraft:map":2,"minecraft:potion":2,"minecraft:bone_meal":1},"minecraft:custom":{"minecraft:time_since_rest":1168465,"minecraft:sprint_one_cm":48556,"minecraft:walk_one_cm":676683,"minecraft:drop":16,"minecraft:damage_dealt":730,"minecraft:minecart_one_cm":15288,"minecraft:tune_noteblock":1,"minecraft:fly_one_cm":3031224,"minecraft:open_chest":1,"minecraft:play_one_minute":1168465,"minecraft:crouch_one_cm":579,"minecraft:sneak_time":4578,"minecraft:walk_under_water_one_cm":41584,"minecraft:jump":431,"minecraft:leave_game":57,"minecraft:walk_on_water_one_cm":12488,"minecraft:time_since_death":1168465,"minecraft:climb_one_cm":5004},"minecraft:used":{"minecraft:jungle_sapling":19,"minecraft:oak_fence":30,"minecraft:water_bucket":11,"minecraft:grass_block":8,"minecraft:quartz_block":3,"minecraft:map":6,"minecraft:birch_wood":3,"minecraft:oak_sign":1,"minecraft:donkey_spawn_egg":3,"minecraft:red_terracotta":8,"minecraft:crimson_sign":2,"minecraft:potion":1,"minecraft:light_blue_concrete":102,"minecraft:pufferfish_bucket":36,"minecraft:orange_banner":1,"minecraft:oak_slab":2,"minecraft:oak_sapling":4,"minecraft:birch_log":2,"minecraft:tropical_fish_bucket":62,"minecraft:squid_spawn_egg":24,"minecraft:bone_meal":145,"minecraft:dark_oak_sapling":8},"minecraft:picked_up":{"minecraft:wooden_axe":2,"minecraft:splash_potion":1,"minecraft:oak_door":1,"minecraft:salmon":13,"minecraft:potion":2,"minecraft:lantern":1,"minecraft:wheat_seeds":1,"minecraft:egg":4}},"DataVersion":2586}