{"stats":{"minecraft:killed":{"minecraft:donkey":5,"minecraft:chicken":30},"minecraft:custom":{"minecraft:mob_kills":35,"minecraft:inspect_hopper":1,"minecraft:tune_noteblock":4,"minecraft:play_one_minute":743585,"minecraft:interact_with_loom":1,"minecraft:open_shulker_box":2,"minecraft:pot_flower":2,"minecraft:leave_game":39,"minecraft:time_since_death":743585,"minecraft:climb_one_cm":2087,"minecraft:time_since_rest":743585,"minecraft:open_enderchest":3,"minecraft:sprint_one_cm":148577,"minecraft:walk_one_cm":534304,"minecraft:drop":20,"minecraft:minecart_one_cm":349762,"minecraft:damage_dealt":348,"minecraft:fly_one_cm":2770300,"minecraft:open_chest":1,"minecraft:crouch_one_cm":417,"minecraft:sneak_time":2339,"minecraft:walk_under_water_one_cm":7645,"minecraft:boat_one_cm":28977,"minecraft:jump":1576,"minecraft:interact_with_blast_furnace":1,"minecraft:walk_on_water_one_cm":7818,"minecraft:inspect_dispenser":6},"minecraft:used":{"minecraft:oak_fence":13,"minecraft:quartz_bricks":24,"minecraft:water_bucket":31,"minecraft:trident":29,"minecraft:diorite":27,"minecraft:infested_stone":34,"minecraft:powered_rail":169,"minecraft:redstone":102,"minecraft:oak_planks":41,"minecraft:jungle_fence":42,"minecraft:ladder":26,"minecraft:oak_sign":3,"minecraft:mycelium":175,"minecraft:black_carpet":7,"minecraft:ender_chest":7,"minecraft:redstone_block":359,"minecraft:spruce_sign":11,"minecraft:quartz_stairs":30,"minecraft:smooth_quartz_stairs":11,"minecraft:oak_leaves":1,"minecraft:light_gray_shulker_box":1,"minecraft:lime_terracotta":154,"minecraft:rail":178,"minecraft:comparator":3,"minecraft:white_carpet":35,"minecraft:oak_slab":18,"minecraft:hopper":6,"minecraft:brick_slab":36,"minecraft:chiseled_quartz_block":1,"minecraft:gray_concrete":4,"minecraft:note_block":4,"minecraft:spruce_fence":119,"minecraft:light_blue_stained_glass":803,"minecraft:spruce_log":3,"minecraft:obsidian":99,"minecraft:shroomlight":16,"minecraft:sticky_piston":31,"minecraft:glass":12,"minecraft:stone_brick_slab":70,"minecraft:flower_pot":2,"minecraft:lever":13,"minecraft:green_concrete":4,"minecraft:black_wool":219,"minecraft:acacia_door":2,"minecraft:quartz_pillar":25,"minecraft:oak_stairs":23,"minecraft:gray_stained_glass_pane":44,"minecraft:light_gray_concrete":446,"minecraft:grass_block":88,"minecraft:spruce_button":5,"minecraft:slime_block":121,"minecraft:stone_button":21,"minecraft:quartz_block":733,"minecraft:red_terracotta":97,"minecraft:cyan_concrete":57,"minecraft:polished_granite":206,"minecraft:spruce_trapdoor":1,"minecraft:smooth_quartz":662,"minecraft:iron_door":3,"minecraft:stone_brick_stairs":110,"minecraft:stone_bricks":117,"minecraft:soul_lantern":4,"minecraft:item_frame":17,"minecraft:bedrock":10,"minecraft:repeater":1,"minecraft:redstone_lamp":7,"minecraft:bow":217,"minecraft:iron_trapdoor":10,"minecraft:oak_sapling":6,"minecraft:white_stained_glass_pane":33,"minecraft:minecart":22,"minecraft:glass_pane":161,"minecraft:infested_cobblestone":30,"minecraft:egg":41,"minecraft:stone_pressure_plate":5,"minecraft:tropical_fish_bucket":63,"minecraft:observer":16,"minecraft:bone_meal":5,"minecraft:splash_potion":105},"minecraft:dropped":{"minecraft:ender_chest":1,"minecraft:black_carpet":1,"minecraft:sticky_piston":1,"minecraft:obsidian":2,"minecraft:lime_terracotta":1,"minecraft:spectral_arrow":1,"minecraft:slime_block":2,"minecraft:warped_sign":1,"minecraft:red_terracotta":2,"minecraft:tipped_arrow":1,"minecraft:diorite":1,"minecraft:wooden_axe":1,"minecraft:quartz_block":1,"minecraft:smooth_quartz":1,"minecraft:powered_rail":1,"minecraft:brick_slab":1,"minecraft:splash_potion":1,"minecraft:redstone_block":1,"minecraft:redstone":1},"minecraft:picked_up":{"minecraft:wooden_axe":1,"minecraft:chicken":13,"minecraft:feather":13,"minecraft:redstone_block":1,"minecraft:ender_chest":1,"minecraft:andesite":1,"minecraft:leather":3,"minecraft:acacia_door":1,"minecraft:item_frame":1,"minecraft:sticky_piston":1,"minecraft:glass":1,"minecraft:wheat_seeds":1,"minecraft:poppy":1,"minecraft:smooth_quartz":65,"minecraft:powered_rail":4,"minecraft:egg":2,"minecraft:tipped_arrow":1,"minecraft:dandelion":1,"minecraft:lime_terracotta":1,"minecraft:gravel":1,"minecraft:grass_path":1,"minecraft:stone_button":1,"minecraft:diorite":1,"minecraft:redstone":17,"minecraft:spectral_arrow":1,"minecraft:red_terracotta":2,"minecraft:brick_slab":1,"minecraft:slime_block":1,"minecraft:lever":2,"minecraft:spruce_button":1,"minecraft:obsidian":2,"minecraft:rail":25,"minecraft:oxeye_daisy":1}},"DataVersion":2586}