{"stats":{"minecraft:picked_up":{"minecraft:feather":52,"minecraft:splash_potion":1,"minecraft:chicken":39,"minecraft:iron_trapdoor":1,"minecraft:iron_door":1,"minecraft:salmon":18,"minecraft:leather":18,"minecraft:lead":2,"minecraft:string":1,"minecraft:lantern":4,"minecraft:red_carpet":32,"minecraft:gray_carpet":32,"minecraft:netherite_sword":4,"minecraft:redstone_torch":9,"minecraft:observer":1,"minecraft:smooth_quartz":2,"minecraft:quartz_stairs":1,"minecraft:smooth_quartz_stairs":1,"minecraft:piston":1,"minecraft:milk_bucket":2,"minecraft:fire_charge":24,"minecraft:stone_button":3,"minecraft:redstone":7,"minecraft:firework_rocket":1,"minecraft:tropical_fish":2,"minecraft:bone_meal":2,"minecraft:mutton":2},"minecraft:killed":{"minecraft:parrot":1,"minecraft:salmon":16,"minecraft:wandering_trader":1,"minecraft:sheep":2,"minecraft:trader_llama":2,"minecraft:donkey":45,"minecraft:chicken":19,"minecraft:llama":2,"minecraft:tropical_fish":2,"minecraft:ocelot":1},"minecraft:dropped":{"minecraft:piston":1,"minecraft:ender_pearl":16,"minecraft:smooth_quartz_stairs":1,"minecraft:netherite_sword":6,"minecraft:obsidian":1,"minecraft:grass_path":1,"minecraft:chicken":18,"minecraft:observer":1,"minecraft:ender_eye":64,"minecraft:oak_sign":1,"minecraft:chicken_spawn_egg":3,"minecraft:mycelium":1,"minecraft:salmon":1,"minecraft:flint_and_steel":1,"minecraft:milk_bucket":2,"minecraft:iron_trapdoor":1,"minecraft:repeater":1,"minecraft:quartz_stairs":1,"minecraft:white_concrete":1,"minecraft:smooth_quartz":2,"minecraft:iron_door":1,"minecraft:end_portal_frame":64,"minecraft:fire_charge":65,"minecraft:glass":1,"minecraft:string":1,"minecraft:splash_potion":1,"minecraft:firework_rocket":2},"minecraft:custom":{"minecraft:mob_kills":95,"minecraft:inspect_hopper":1,"minecraft:tune_noteblock":2,"minecraft:play_one_minute":380390,"minecraft:open_shulker_box":11,"minecraft:leave_game":12,"minecraft:time_since_death":380390,"minecraft:climb_one_cm":850,"minecraft:time_since_rest":380390,"minecraft:sprint_one_cm":240894,"minecraft:open_enderchest":1,"minecraft:walk_one_cm":703352,"minecraft:drop":259,"minecraft:minecart_one_cm":14259,"minecraft:damage_dealt":13253,"minecraft:interact_with_beacon":6,"minecraft:fly_one_cm":2624685,"minecraft:crouch_one_cm":24313,"minecraft:sneak_time":12904,"minecraft:aviate_one_cm":1411014,"minecraft:jump":2489,"minecraft:walk_on_water_one_cm":1366,"minecraft:inspect_dispenser":2},"minecraft:used":{"minecraft:netherite_sword":193,"minecraft:end_rod":60,"minecraft:orange_concrete":2,"minecraft:red_concrete":3,"minecraft:red_stained_glass":6,"minecraft:dispenser":1,"minecraft:redstone":55,"minecraft:birch_wood":38,"minecraft:prismarine_stairs":8,"minecraft:oak_sign":3,"minecraft:mycelium":4,"minecraft:ender_pearl":6,"minecraft:white_shulker_box":6,"minecraft:beacon":1,"minecraft:quartz_stairs":137,"minecraft:smooth_quartz_stairs":54,"minecraft:torch":1,"minecraft:dirt":4,"minecraft:light_blue_concrete":5,"minecraft:hopper":1,"minecraft:white_bed":10,"minecraft:milk_bucket":7,"minecraft:obsidian":15,"minecraft:redstone_torch":29,"minecraft:sticky_piston":12,"minecraft:glass":23,"minecraft:piston":19,"minecraft:lever":2,"minecraft:ender_eye":5,"minecraft:black_concrete":5,"minecraft:firework_rocket":47,"minecraft:green_wool":8,"minecraft:gray_shulker_box":7,"minecraft:stone_button":12,"minecraft:iron_block":87,"minecraft:string":2,"minecraft:slime_block":40,"minecraft:quartz_slab":50,"minecraft:light_gray_concrete":14,"minecraft:grass_block":27,"minecraft:brick_stairs":1,"minecraft:cyan_bed":7,"minecraft:oak_button":2,"minecraft:netherite_axe":28,"minecraft:quartz_block":6,"minecraft:chicken_spawn_egg":200,"minecraft:gray_concrete_powder":2,"minecraft:smooth_quartz":7345,"minecraft:iron_door":45,"minecraft:tripwire_hook":4,"minecraft:repeater":20,"minecraft:cobblestone":2,"minecraft:brown_carpet":16,"minecraft:black_stained_glass":122,"minecraft:iron_trapdoor":10,"minecraft:grass_path":102,"minecraft:glass_pane":1,"minecraft:chain":1,"minecraft:end_portal_frame":12,"minecraft:stone_pressure_plate":32,"minecraft:white_concrete":9,"minecraft:observer":17,"minecraft:splash_potion":24,"minecraft:gray_stained_glass":623}},"DataVersion":2586}