{"stats":{"minecraft:picked_up":{"minecraft:azure_bluet":1,"minecraft:water_bucket":2,"minecraft:salmon":1,"minecraft:leather":5,"minecraft:potion":1,"minecraft:bedrock":1,"minecraft:cornflower":5,"minecraft:cooked_salmon":1,"minecraft:item_frame":2,"minecraft:oak_sign":2,"minecraft:wheat_seeds":15,"minecraft:redstone_torch":1,"minecraft:poppy":4,"minecraft:oak_planks":1,"minecraft:music_disc_chirp":1,"minecraft:egg":1,"minecraft:stone":1,"minecraft:dandelion":4,"minecraft:quartz_pillar":1,"minecraft:spruce_sapling":1,"minecraft:light_blue_stained_glass":2,"minecraft:redstone":7,"minecraft:green_carpet":1,"minecraft:quartz_bricks":1,"minecraft:light_gray_concrete":2,"minecraft:firework_rocket":1,"minecraft:oak_button":1,"minecraft:mutton":2,"minecraft:white_wool":2,"minecraft:oxeye_daisy":8},"minecraft:killed":{"minecraft:donkey":2,"minecraft:chicken":2},"minecraft:dropped":{"minecraft:water_bucket":1,"minecraft:yellow_wool":1,"minecraft:oak_planks":1,"minecraft:leather":5,"minecraft:bedrock":1,"minecraft:oak_sign":2,"minecraft:salmon":1,"minecraft:grass_block":1,"minecraft:item_frame":1,"minecraft:oxeye_daisy":1,"minecraft:poppy":1,"minecraft:stone":1,"minecraft:light_blue_stained_glass":1,"minecraft:mutton":2,"minecraft:cooked_salmon":1,"minecraft:potion":1,"minecraft:bone_meal":1,"minecraft:bow":1,"minecraft:glass":1,"minecraft:white_wool":2,"minecraft:egg":1,"minecraft:dandelion":2,"minecraft:redstone":3,"minecraft:firework_rocket":3},"minecraft:custom":{"minecraft:interact_with_furnace":1,"minecraft:mob_kills":4,"minecraft:tune_noteblock":97,"minecraft:play_one_minute":509208,"minecraft:open_shulker_box":1,"minecraft:pot_flower":3,"minecraft:leave_game":6,"minecraft:time_since_death":509208,"minecraft:climb_one_cm":24005,"minecraft:time_since_rest":509208,"minecraft:sprint_one_cm":114707,"minecraft:open_enderchest":4,"minecraft:walk_one_cm":1357982,"minecraft:drop":36,"minecraft:minecart_one_cm":24089,"minecraft:damage_dealt":617,"minecraft:swim_one_cm":18334,"minecraft:fly_one_cm":4147058,"minecraft:open_chest":10,"minecraft:crouch_one_cm":306,"minecraft:walk_under_water_one_cm":26983,"minecraft:aviate_one_cm":1039171,"minecraft:jump":6597,"minecraft:interact_with_blast_furnace":1,"minecraft:walk_on_water_one_cm":75927,"minecraft:interact_with_smoker":1,"minecraft:inspect_dispenser":2},"minecraft:used":{"minecraft:quartz_bricks":131,"minecraft:water_bucket":1,"minecraft:iron_bars":1,"minecraft:redstone":41,"minecraft:ladder":5,"minecraft:poppy":1,"minecraft:oak_planks":136,"minecraft:oak_sign":3,"minecraft:light_blue_terracotta":1,"minecraft:green_banner":3,"minecraft:chest":4,"minecraft:stone":9,"minecraft:blue_bed":3,"minecraft:polished_blackstone_bricks":1,"minecraft:oak_door":4,"minecraft:torch":4,"minecraft:diamond_block":29,"minecraft:dirt":293,"minecraft:vine":22,"minecraft:white_carpet":2,"minecraft:crafting_table":1,"minecraft:birch_sign":1,"minecraft:allium":1,"minecraft:white_bed":1,"minecraft:note_block":1,"minecraft:infested_stone_bricks":70,"minecraft:light_blue_stained_glass":3938,"minecraft:piston":9,"minecraft:redstone_torch":3,"minecraft:birch_fence":1,"minecraft:oak_log":16,"minecraft:sticky_piston":13,"minecraft:glass":496,"minecraft:lever":1,"minecraft:netherite_block":2,"minecraft:flower_pot":2,"minecraft:warped_trapdoor":2,"minecraft:oxeye_daisy":1,"minecraft:firework_rocket":350,"minecraft:netherite_shovel":23,"minecraft:quartz_pillar":121,"minecraft:crying_obsidian":1,"minecraft:lantern":3,"minecraft:light_gray_concrete":2364,"minecraft:grass_block":124,"minecraft:slime_block":8,"minecraft:oak_button":9,"minecraft:dark_oak_leaves":14,"minecraft:smooth_quartz":392,"minecraft:stone_brick_stairs":101,"minecraft:yellow_wool":157,"minecraft:item_frame":1,"minecraft:green_carpet":11,"minecraft:diamond_sword":16,"minecraft:potion":3,"minecraft:bow":13,"minecraft:tall_grass":7,"minecraft:oak_sapling":2,"minecraft:chain":26,"minecraft:glass_pane":3,"minecraft:gray_banner":2,"minecraft:egg":178,"minecraft:dandelion":1,"minecraft:bone_meal":110,"minecraft:dark_oak_sapling":1}},"DataVersion":2586}