{"stats":{"minecraft:used":{"minecraft:dark_oak_planks":1,"minecraft:spruce_planks":1673,"minecraft:lingering_potion":25,"minecraft:sand":131,"minecraft:potion":1,"minecraft:acacia_sign":2,"minecraft:jungle_fence_gate":94,"minecraft:grass_block":6},"minecraft:custom":{"minecraft:jump":240,"minecraft:time_since_rest":281761,"minecraft:play_one_minute":281761,"minecraft:walk_on_water_one_cm":7697,"minecraft:leave_game":2,"minecraft:sprint_one_cm":841,"minecraft:time_since_death":281761,"minecraft:walk_one_cm":434942,"minecraft:walk_under_water_one_cm":7255,"minecraft:climb_one_cm":1350,"minecraft:fly_one_cm":585552}},"DataVersion":2586}