{"stats":{"minecraft:picked_up":{"minecraft:redstone_block":1,"minecraft:iron_door":2,"minecraft:water_bucket":4,"minecraft:salmon":8,"minecraft:brown_wool":7,"minecraft:leather":340,"minecraft:jungle_fence":1,"minecraft:diamond_sword":1,"minecraft:red_mushroom":1,"minecraft:brown_bed":2,"minecraft:ice":1,"minecraft:potion":1,"minecraft:crimson_planks":4,"minecraft:lantern":2,"minecraft:polished_granite":1,"minecraft:wheat_seeds":3,"minecraft:bucket":1,"minecraft:iron_ingot":4,"minecraft:beef":589,"minecraft:smooth_quartz":1,"minecraft:light_gray_wool":8,"minecraft:minecart":4,"minecraft:powered_rail":18,"minecraft:egg":4,"minecraft:stick":2,"minecraft:milk_bucket":3,"minecraft:jungle_door":1,"minecraft:sweet_berries":3,"minecraft:torch":6,"minecraft:mooshroom_spawn_egg":29,"minecraft:dandelion":3,"minecraft:porkchop":1,"minecraft:redstone":1,"minecraft:cactus":2,"minecraft:light_gray_concrete":1,"minecraft:quartz_block":4,"minecraft:firework_rocket":5,"minecraft:honey_bottle":1,"minecraft:tropical_fish":1,"minecraft:jungle_stairs":2,"minecraft:writable_book":5,"minecraft:bone_meal":1,"minecraft:gray_wool":17,"minecraft:emerald":3,"minecraft:black_wool":13,"minecraft:mutton":312,"minecraft:rail":1,"minecraft:oak_leaves":1,"minecraft:snowball":13,"minecraft:white_wool":165},"minecraft:dropped":{"minecraft:water_bucket":4,"minecraft:lever":2,"minecraft:minecart":1,"minecraft:jungle_fence":1,"minecraft:light_gray_concrete":1,"minecraft:rail":1,"minecraft:emerald":3,"minecraft:diamond_sword":1,"minecraft:ice":1,"minecraft:milk_bucket":1,"minecraft:jungle_stairs":2,"minecraft:quartz_block":3,"minecraft:smooth_quartz":1,"minecraft:jungle_door":1,"minecraft:potion":1,"minecraft:brown_bed":3,"minecraft:birch_sign":1,"minecraft:writable_book":3,"minecraft:bone_meal":1,"minecraft:sand":1,"minecraft:powered_rail":15,"minecraft:cactus":3,"minecraft:oak_leaves":1,"minecraft:bucket":1,"minecraft:redstone_block":1,"minecraft:firework_rocket":6},"minecraft:used":{"minecraft:oak_fence":63,"minecraft:water_bucket":75,"minecraft:trident":13,"minecraft:netherite_sword":548,"minecraft:writable_book":13,"minecraft:spruce_door":2,"minecraft:powered_rail":249,"minecraft:carved_pumpkin":58,"minecraft:dark_oak_sign":1,"minecraft:redstone":12,"minecraft:jungle_fence":256,"minecraft:ladder":31,"minecraft:birch_wood":122,"minecraft:oak_sign":3,"minecraft:cactus":2,"minecraft:ender_pearl":240,"minecraft:chest":2,"minecraft:stone":5,"minecraft:redstone_block":140,"minecraft:blue_bed":1,"minecraft:spruce_sign":5,"minecraft:llama_spawn_egg":31,"minecraft:sheep_spawn_egg":228,"minecraft:quartz_stairs":13,"minecraft:oak_door":11,"minecraft:oak_leaves":11,"minecraft:white_wool":28,"minecraft:mooshroom_spawn_egg":354,"minecraft:torch":51,"minecraft:anvil":4,"minecraft:sand":1,"minecraft:rail":148,"minecraft:jungle_planks":246,"minecraft:crossbow":4,"minecraft:acacia_button":1,"minecraft:blue_stained_glass_pane":114,"minecraft:oak_fence_gate":21,"minecraft:obsidian":43,"minecraft:warped_planks":199,"minecraft:honey_bottle":18,"minecraft:creeper_spawn_egg":17,"minecraft:dark_oak_door":8,"minecraft:milk_bucket":10,"minecraft:birch_door":11,"minecraft:jungle_sapling":24,"minecraft:redstone_torch":17,"minecraft:sticky_piston":17,"minecraft:piston":2,"minecraft:lever":6,"minecraft:firework_rocket":483,"minecraft:iron_block":14,"minecraft:bookshelf":11,"minecraft:light_gray_concrete":414,"minecraft:lantern":145,"minecraft:grass_block":30,"minecraft:jungle_log":1,"minecraft:slime_block":68,"minecraft:quartz_block":2539,"minecraft:lectern":5,"minecraft:jungle_stairs":117,"minecraft:polished_granite":6,"minecraft:smooth_quartz":1299,"minecraft:iron_door":36,"minecraft:item_frame":6,"minecraft:ocelot_spawn_egg":3,"minecraft:diamond_sword":2,"minecraft:potion":97,"minecraft:bow":1024,"minecraft:oak_sapling":5,"minecraft:wither_rose":53,"minecraft:andesite":118,"minecraft:jungle_door":21,"minecraft:minecart":67,"minecraft:glass_pane":196,"minecraft:ice":128,"minecraft:gray_stained_glass":85,"minecraft:splash_potion":829,"minecraft:bone_meal":49,"minecraft:brown_bed":12},"minecraft:killed":{"minecraft:pig":1,"minecraft:iron_golem":2,"minecraft:sheep":105,"minecraft:donkey":1,"minecraft:fox":1,"minecraft:mooshroom":256,"minecraft:llama":2,"minecraft:tropical_fish":9,"minecraft:ocelot":1},"minecraft:custom":{"minecraft:mob_kills":409,"minecraft:tune_noteblock":128,"minecraft:play_one_minute":1283490,"minecraft:leave_game":19,"minecraft:time_since_death":13052,"minecraft:climb_one_cm":51081,"minecraft:time_since_rest":13155,"minecraft:sprint_one_cm":270455,"minecraft:open_enderchest":1,"minecraft:damage_taken":1120,"minecraft:walk_one_cm":2351753,"minecraft:drop":60,"minecraft:minecart_one_cm":809921,"minecraft:damage_dealt":18358,"minecraft:swim_one_cm":5668,"minecraft:fly_one_cm":3458011,"minecraft:open_chest":6,"minecraft:crouch_one_cm":526,"minecraft:deaths":4,"minecraft:sneak_time":4756,"minecraft:walk_under_water_one_cm":143850,"minecraft:interact_with_lectern":7,"minecraft:aviate_one_cm":20281339,"minecraft:jump":4749,"minecraft:interact_with_blast_furnace":2,"minecraft:walk_on_water_one_cm":47599,"minecraft:inspect_dispenser":1}},"DataVersion":2586}