{"stats":{"minecraft:killed":{"minecraft:chicken":11,"minecraft:snow_golem":5,"minecraft:tropical_fish":3,"minecraft:ocelot":1,"minecraft:salmon":33,"minecraft:wandering_trader":1,"minecraft:sheep":1,"minecraft:trader_llama":2,"minecraft:donkey":7,"minecraft:villager":1},"minecraft:custom":{"minecraft:inspect_dropper":3,"minecraft:interact_with_anvil":2,"minecraft:mob_kills":65,"minecraft:interact_with_crafting_table":11,"minecraft:fill_cauldron":1,"minecraft:open_shulker_box":4,"minecraft:leave_game":7,"minecraft:eat_cake_slice":11,"minecraft:time_since_death":412500,"minecraft:climb_one_cm":1052,"minecraft:sprint_one_cm":147281,"minecraft:walk_one_cm":440474,"minecraft:drop":97,"minecraft:talked_to_villager":1,"minecraft:target_hit":7,"minecraft:sneak_time":15319,"minecraft:walk_under_water_one_cm":30607,"minecraft:interact_with_lectern":1,"minecraft:jump":765,"minecraft:walk_on_water_one_cm":24767,"minecraft:tune_noteblock":91,"minecraft:play_one_minute":412500,"minecraft:pot_flower":20,"minecraft:time_since_rest":412500,"minecraft:open_enderchest":2,"minecraft:minecart_one_cm":107407,"minecraft:damage_dealt":18,"minecraft:fly_one_cm":3116062,"minecraft:open_chest":1,"minecraft:crouch_one_cm":10129,"minecraft:inspect_dispenser":69},"minecraft:dropped":{"minecraft:water_bucket":5,"minecraft:tnt":1,"minecraft:crossbow":1,"minecraft:barrier":2,"minecraft:grass_block":1,"minecraft:structure_void":2,"minecraft:item_frame":69,"minecraft:red_carpet":1,"minecraft:bone_block":1,"minecraft:tall_grass":1,"minecraft:ender_eye":1,"minecraft:light_blue_concrete":1,"minecraft:debug_stick":1,"minecraft:salmon":1,"minecraft:flint_and_steel":1,"minecraft:quartz_block":1,"minecraft:purple_bed":1,"minecraft:end_portal_frame":2,"minecraft:redstone_torch":1,"minecraft:red_tulip":1,"minecraft:splash_potion":1,"minecraft:firework_rocket":64},"minecraft:used":{"minecraft:oak_fence":4,"minecraft:beetroot":1,"minecraft:oak_trapdoor":16,"minecraft:light_blue_banner":5,"minecraft:nether_brick_fence":2,"minecraft:trident":147,"minecraft:jungle_leaves":267,"minecraft:iron_bars":9,"minecraft:writable_book":1,"minecraft:enchanting_table":1,"minecraft:melon":3,"minecraft:smooth_quartz_slab":132,"minecraft:armor_stand":9,"minecraft:spruce_slab":89,"minecraft:dispenser":57,"minecraft:redstone":29,"minecraft:bone_block":20,"minecraft:poppy":13,"minecraft:ladder":3,"minecraft:green_banner":1,"minecraft:spruce_planks":1,"minecraft:ender_chest":1,"minecraft:stone":97,"minecraft:white_shulker_box":13,"minecraft:warped_sign":1,"minecraft:quartz_stairs":22,"minecraft:grass":202,"minecraft:mossy_stone_brick_slab":5,"minecraft:debug_stick":12,"minecraft:bee_spawn_egg":3,"minecraft:dirt":3,"minecraft:anvil":3,"minecraft:lily_of_the_valley":1,"minecraft:cocoa_beans":4,"minecraft:white_carpet":9,"minecraft:blue_stained_glass":5,"minecraft:spruce_stairs":11,"minecraft:cod_bucket":6,"minecraft:cobblestone_wall":1,"minecraft:carrot":6,"minecraft:jungle_slab":13,"minecraft:allium":16,"minecraft:nether_brick_slab":1,"minecraft:bee_nest":4,"minecraft:acacia_sapling":1,"minecraft:salmon_bucket":5,"minecraft:jungle_trapdoor":129,"minecraft:spruce_fence":51,"minecraft:light_blue_stained_glass":2,"minecraft:nether_brick_stairs":1,"minecraft:milk_bucket":11,"minecraft:fern":7,"minecraft:purple_banner":8,"minecraft:shroomlight":4,"minecraft:jungle_sapling":1,"minecraft:glass":270,"minecraft:stone_brick_slab":17,"minecraft:netherite_shovel":387,"minecraft:bookshelf":48,"minecraft:red_tulip":22,"minecraft:black_stained_glass_pane":13,"minecraft:warped_hyphae":1,"minecraft:quartz_slab":1,"minecraft:red_wool":4,"minecraft:oak_stairs":31,"minecraft:lantern":25,"minecraft:grass_block":369,"minecraft:blue_orchid":5,"minecraft:birch_sapling":1,"minecraft:quartz_block":1,"minecraft:netherite_hoe":44,"minecraft:dark_oak_leaves":257,"minecraft:dark_oak_slab":2,"minecraft:smooth_quartz":880,"minecraft:stone_brick_stairs":6,"minecraft:stone_bricks":18,"minecraft:item_frame":24,"minecraft:tripwire_hook":1,"minecraft:repeater":11,"minecraft:glowstone":3,"minecraft:red_carpet":4,"minecraft:redstone_lamp":13,"minecraft:magma_block":2,"minecraft:black_stained_glass":30,"minecraft:tall_grass":25,"minecraft:scaffolding":4,"minecraft:iron_trapdoor":11,"minecraft:sweet_berries":20,"minecraft:furnace":1,"minecraft:oak_sapling":1,"minecraft:beetroot_seeds":6,"minecraft:minecart":7,"minecraft:cyan_banner":2,"minecraft:egg":45,"minecraft:stone_pressure_plate":8,"minecraft:potato":6,"minecraft:pumpkin":3,"minecraft:turtle_egg":25,"minecraft:mossy_stone_brick_wall":4,"minecraft:large_fern":1,"minecraft:dark_oak_sapling":1,"minecraft:wheat_seeds":6,"minecraft:chiseled_polished_blackstone":1,"minecraft:water_bucket":547,"minecraft:dark_oak_stairs":16,"minecraft:mossy_stone_bricks":15,"minecraft:pink_tulip":1,"minecraft:wither_skeleton_skull":3,"minecraft:birch_leaves":13,"minecraft:red_stained_glass":1,"minecraft:acacia_trapdoor":4,"minecraft:polished_andesite":41,"minecraft:blackstone_stairs":13,"minecraft:cartography_table":2,"minecraft:birch_wood":9,"minecraft:mossy_stone_brick_stairs":19,"minecraft:redstone_block":14,"minecraft:structure_void":1,"minecraft:cauldron":1,"minecraft:parrot_spawn_egg":7,"minecraft:spruce_fence_gate":24,"minecraft:smooth_quartz_stairs":77,"minecraft:cracked_stone_bricks":12,"minecraft:oak_leaves":4,"minecraft:salmon":2,"minecraft:dark_oak_trapdoor":43,"minecraft:diamond_block":6,"minecraft:red_bed":13,"minecraft:sand":4,"minecraft:rail":5,"minecraft:vine":20,"minecraft:light_blue_concrete":10,"minecraft:oak_slab":548,"minecraft:tnt":6,"minecraft:crafting_table":5,"minecraft:loom":3,"minecraft:crimson_trapdoor":61,"minecraft:brown_banner":4,"minecraft:blast_furnace":1,"minecraft:yellow_concrete":10,"minecraft:crossbow":81,"minecraft:black_bed":4,"minecraft:blackstone_wall":1,"minecraft:gray_concrete":10,"minecraft:stone_brick_wall":4,"minecraft:painting":55,"minecraft:smoker":1,"minecraft:cake":5,"minecraft:spruce_log":1,"minecraft:dark_oak_door":4,"minecraft:redstone_torch":3,"minecraft:sticky_piston":6,"minecraft:piston":22,"minecraft:flower_pot":21,"minecraft:ender_eye":12,"minecraft:acacia_stairs":6,"minecraft:black_concrete":121,"minecraft:firework_rocket":162,"minecraft:oxeye_daisy":26,"minecraft:warped_trapdoor":15,"minecraft:daylight_detector":27,"minecraft:acacia_door":1,"minecraft:sunflower":25,"minecraft:light_gray_concrete":145,"minecraft:string":8,"minecraft:barrier":2,"minecraft:stone_button":16,"minecraft:lectern":2,"minecraft:jungle_stairs":8,"minecraft:stone_slab":1,"minecraft:spruce_trapdoor":82,"minecraft:oak_pressure_plate":4,"minecraft:spruce_sapling":1,"minecraft:gravel":25,"minecraft:lilac":1,"minecraft:blackstone_slab":3,"minecraft:chiseled_stone_bricks":132,"minecraft:smithing_table":1,"minecraft:dark_oak_fence":49,"minecraft:andesite":14,"minecraft:bucket":8,"minecraft:chain":25,"minecraft:grass_path":13,"minecraft:smooth_stone_slab":66,"minecraft:end_portal_frame":19,"minecraft:polished_blackstone_button":22,"minecraft:white_concrete":175,"minecraft:dandelion":12,"minecraft:bone_meal":27,"minecraft:splash_potion":305,"minecraft:birch_stairs":8,"minecraft:gray_stained_glass":4},"minecraft:crafted":{"minecraft:leather_leggings":4,"minecraft:leather_boots":3,"minecraft:firework_star":128,"minecraft:leather_helmet":3,"minecraft:leather_chestplate":3,"minecraft:firework_rocket":384},"minecraft:picked_up":{"minecraft:wooden_axe":1,"minecraft:chicken":5,"minecraft:cooked_salmon":1,"minecraft:item_frame":2,"minecraft:bucket":3,"minecraft:redstone_torch":5,"minecraft:smooth_quartz":1,"minecraft:stone_button":1,"minecraft:redstone":1,"minecraft:obsidian":1,"minecraft:mutton":1,"minecraft:white_wool":1,"minecraft:feather":4,"minecraft:repeater":8,"minecraft:water_bucket":21,"minecraft:salmon":28,"minecraft:leather":2,"minecraft:lily_pad":1,"minecraft:wheat_seeds":1,"minecraft:red_carpet":2,"minecraft:tall_grass":1,"minecraft:polished_blackstone_button":1,"minecraft:bone_meal":2}},"DataVersion":2586}