{"stats":{"minecraft:killed":{"minecraft:llama":3},"minecraft:custom":{"minecraft:time_since_rest":57984,"minecraft:sprint_one_cm":164611,"minecraft:damage_taken":280,"minecraft:walk_one_cm":583771,"minecraft:trigger_trapped_chest":4,"minecraft:mob_kills":3,"minecraft:drop":5,"minecraft:inspect_hopper":3,"minecraft:minecart_one_cm":494,"minecraft:damage_dealt":1456,"minecraft:interact_with_beacon":2,"minecraft:fly_one_cm":2476610,"minecraft:open_chest":19,"minecraft:play_one_minute":313673,"minecraft:crouch_one_cm":2777,"minecraft:deaths":1,"minecraft:walk_under_water_one_cm":1956,"minecraft:sneak_time":2398,"minecraft:jump":1510,"minecraft:leave_game":6,"minecraft:walk_on_water_one_cm":9614,"minecraft:time_since_death":57913,"minecraft:climb_one_cm":12191},"minecraft:used":{"minecraft:purple_stained_glass":1,"minecraft:oak_log":265,"minecraft:sticky_piston":6,"minecraft:oak_fence":81,"minecraft:glass":92,"minecraft:netherite_sword":22,"minecraft:emerald_ore":102,"minecraft:petrified_oak_slab":1,"minecraft:lever":8,"minecraft:end_rod":5,"minecraft:string":10,"minecraft:slime_block":13,"minecraft:grass_block":27,"minecraft:oak_stairs":8,"minecraft:redstone":34,"minecraft:dark_oak_sign":2,"minecraft:ladder":18,"minecraft:netherite_axe":63,"minecraft:ender_pearl":74,"minecraft:chicken_spawn_egg":862,"minecraft:chest":3,"minecraft:spruce_sign":1,"minecraft:iron_door":1,"minecraft:beacon":2,"minecraft:torch":40,"minecraft:tripwire_hook":3,"minecraft:lime_terracotta":191,"minecraft:sand":2,"minecraft:repeater":2,"minecraft:dirt":11,"minecraft:birch_pressure_plate":3,"minecraft:yellow_terracotta":120,"minecraft:tnt":10,"minecraft:hopper":21,"minecraft:lime_stained_glass":5,"minecraft:trapped_chest":2,"minecraft:gold_block":46,"minecraft:smooth_stone_slab":22,"minecraft:stone_pressure_plate":2,"minecraft:stripped_oak_log":122,"minecraft:observer":11,"minecraft:smooth_stone":29},"minecraft:dropped":{"minecraft:iron_door":1,"minecraft:ender_eye":1,"minecraft:chicken_spawn_egg":3},"minecraft:picked_up":{"minecraft:iron_door":1,"minecraft:tripwire_hook":1,"minecraft:salmon":1,"minecraft:leather":2,"minecraft:redstone":5,"minecraft:birch_pressure_plate":2,"minecraft:item_frame":29,"minecraft:wheat_seeds":4,"minecraft:lever":1,"minecraft:ender_eye":1,"minecraft:oxeye_daisy":1,"minecraft:egg":10}},"DataVersion":2586}