{"stats":{"minecraft:killed":{"minecraft:dolphin":23,"minecraft:horse":3,"minecraft:mule":4,"minecraft:panda":4,"minecraft:chicken":553,"minecraft:llama":20,"minecraft:snow_golem":1,"minecraft:turtle":1,"minecraft:cat":32,"minecraft:parrot":4,"minecraft:pig":6,"minecraft:salmon":122,"minecraft:iron_golem":4,"minecraft:wandering_trader":1,"minecraft:sheep":42,"minecraft:donkey":61,"minecraft:mooshroom":549,"minecraft:villager":2,"minecraft:cow":1},"minecraft:custom":{"minecraft:inspect_dropper":48,"minecraft:mob_kills":1445,"minecraft:inspect_hopper":54,"minecraft:interact_with_crafting_table":11,"minecraft:open_shulker_box":2,"minecraft:eat_cake_slice":5,"minecraft:leave_game":36,"minecraft:time_since_death":1783700,"minecraft:climb_one_cm":18982,"minecraft:sprint_one_cm":713718,"minecraft:walk_one_cm":1789316,"minecraft:drop":53,"minecraft:target_hit":13,"minecraft:sneak_time":159997,"minecraft:walk_under_water_one_cm":148927,"minecraft:boat_one_cm":12594,"minecraft:jump":7790,"minecraft:interact_with_blast_furnace":21,"minecraft:walk_on_water_one_cm":109601,"minecraft:interact_with_furnace":27,"minecraft:tune_noteblock":175,"minecraft:play_one_minute":1783700,"minecraft:time_since_rest":1783700,"minecraft:minecart_one_cm":127942,"minecraft:damage_dealt":11505,"minecraft:interact_with_beacon":7,"minecraft:swim_one_cm":17581,"minecraft:fly_one_cm":14079684,"minecraft:open_chest":2,"minecraft:pig_one_cm":54023,"minecraft:crouch_one_cm":291429,"minecraft:aviate_one_cm":2560003,"minecraft:inspect_dispenser":159,"minecraft:horse_one_cm":2989},"minecraft:dropped":{"minecraft:water_bucket":7,"minecraft:cooked_beef":333,"minecraft:feather":64,"minecraft:leather":489,"minecraft:end_rod":1,"minecraft:wooden_axe":1,"minecraft:smooth_quartz":128,"minecraft:bone_meal":2,"minecraft:redstone":64,"minecraft:gravel":1,"minecraft:lever":1,"minecraft:chicken":128,"minecraft:light_gray_concrete":1,"minecraft:salmon":17,"minecraft:tipped_arrow":1,"minecraft:andesite":1,"minecraft:painting":1,"minecraft:powered_rail":1,"minecraft:beef":185,"minecraft:firework_rocket":448},"minecraft:used":{"minecraft:oak_fence":2,"minecraft:nether_brick_fence":3,"minecraft:light_blue_banner":3,"minecraft:netherite_sword":192,"minecraft:rose_bush":6,"minecraft:iron_bars":60,"minecraft:smooth_quartz_slab":8,"minecraft:armor_stand":2,"minecraft:dispenser":41,"minecraft:redstone":737,"minecraft:bone_block":43,"minecraft:ladder":8,"minecraft:oak_sign":20,"minecraft:mycelium":3,"minecraft:polished_basalt":2,"minecraft:spruce_planks":2,"minecraft:stone":1174,"minecraft:warped_sign":1,"minecraft:bell":1,"minecraft:quartz_stairs":22,"minecraft:grass":2,"minecraft:farmland":1,"minecraft:sandstone_wall":14,"minecraft:debug_stick":4,"minecraft:cooked_chicken":1,"minecraft:spruce_leaves":84,"minecraft:oak_door":1,"minecraft:torch":52,"minecraft:green_glazed_terracotta":275,"minecraft:dirt":1046,"minecraft:soul_sand":4,"minecraft:birch_pressure_plate":62,"minecraft:target":2,"minecraft:white_carpet":623,"minecraft:hopper":40,"minecraft:orange_glazed_terracotta":4,"minecraft:spruce_stairs":16,"minecraft:prismarine_brick_stairs":2,"minecraft:spruce_fence":2,"minecraft:light_blue_stained_glass":3859,"minecraft:milk_bucket":6,"minecraft:obsidian":462,"minecraft:glass":1081,"minecraft:honey_block":76,"minecraft:sea_lantern":2,"minecraft:black_stained_glass_pane":6,"minecraft:quartz_pillar":1,"minecraft:quartz_slab":11,"minecraft:spruce_wood":20,"minecraft:grass_block":4874,"minecraft:iron_block":12,"minecraft:lantern":2,"minecraft:oak_stairs":179,"minecraft:slime_block":148,"minecraft:quartz_block":34,"minecraft:green_wool":8,"minecraft:tropical_fish_spawn_egg":17,"minecraft:smooth_quartz":2782,"minecraft:stone_brick_stairs":17,"minecraft:stone_bricks":5,"minecraft:item_frame":7,"minecraft:bedrock":2,"minecraft:repeater":202,"minecraft:glowstone":14,"minecraft:redstone_lamp":81,"minecraft:bow":1126,"minecraft:lime_concrete":8,"minecraft:brown_carpet":17,"minecraft:tall_grass":2,"minecraft:yellow_glazed_terracotta":2,"minecraft:furnace":57,"minecraft:white_stained_glass_pane":230,"minecraft:minecart":91,"minecraft:gold_block":7,"minecraft:infested_cobblestone":1,"minecraft:stone_pressure_plate":26,"minecraft:observer":354,"minecraft:lime_glazed_terracotta":3,"minecraft:wheat_seeds":1,"minecraft:water_bucket":714,"minecraft:end_rod":195,"minecraft:dropper":19,"minecraft:sandstone_stairs":30,"minecraft:powered_rail":767,"minecraft:red_stained_glass":5,"minecraft:polished_andesite":18,"minecraft:acacia_trapdoor":2,"minecraft:oak_planks":100,"minecraft:birch_wood":1,"minecraft:cactus":1,"minecraft:ender_pearl":412,"minecraft:fox_spawn_egg":1,"minecraft:redstone_block":195,"minecraft:structure_void":121,"minecraft:llama_spawn_egg":4,"minecraft:beacon":6,"minecraft:smooth_quartz_stairs":318,"minecraft:white_wool":29,"minecraft:dark_oak_trapdoor":6,"minecraft:diamond_block":6,"minecraft:sand":58,"minecraft:rail":42,"minecraft:comparator":132,"minecraft:oak_slab":742,"minecraft:crafting_table":6,"minecraft:birch_sign":5,"minecraft:blast_furnace":85,"minecraft:crossbow":269,"minecraft:blue_ice":9,"minecraft:sponge":8,"minecraft:mule_spawn_egg":1,"minecraft:dark_oak_fence_gate":6,"minecraft:note_block":49,"minecraft:lingering_potion":704,"minecraft:painting":4,"minecraft:infested_stone_bricks":5,"minecraft:smooth_red_sandstone_stairs":8,"minecraft:cake":4,"minecraft:spruce_log":15,"minecraft:red_sandstone_wall":3,"minecraft:black_terracotta":1,"minecraft:redstone_torch":168,"minecraft:oak_log":3,"minecraft:sticky_piston":196,"minecraft:piston":69,"minecraft:netherite_block":18,"minecraft:lever":93,"minecraft:flower_pot":79,"minecraft:black_wool":17,"minecraft:black_concrete":50,"minecraft:activator_rail":15,"minecraft:firework_rocket":478,"minecraft:stone_button":43,"minecraft:light_gray_concrete":4615,"minecraft:string":31,"minecraft:map":1,"minecraft:barrier":55,"minecraft:pig_spawn_egg":3,"minecraft:netherite_axe":7,"minecraft:detector_rail":7,"minecraft:jungle_stairs":8,"minecraft:red_terracotta":2,"minecraft:polished_granite":11,"minecraft:spruce_trapdoor":33,"minecraft:oak_pressure_plate":1,"minecraft:iron_door":119,"minecraft:gravel":40,"minecraft:polished_andesite_slab":2,"minecraft:soul_lantern":3,"minecraft:chiseled_stone_bricks":4,"minecraft:green_carpet":9,"minecraft:andesite":32,"minecraft:bucket":3,"minecraft:birch_log":3,"minecraft:chain":4,"minecraft:grass_path":84,"minecraft:magenta_glazed_terracotta":88,"minecraft:smooth_stone_slab":18,"minecraft:oak_boat":2,"minecraft:polished_blackstone_button":12,"minecraft:white_concrete":951,"minecraft:coarse_dirt":1,"minecraft:dandelion":1,"minecraft:splash_potion":3,"minecraft:smooth_stone":347,"minecraft:gray_stained_glass":45},"minecraft:crafted":{"minecraft:firework_star":256,"minecraft:firework_rocket":576},"minecraft:picked_up":{"minecraft:wooden_axe":1,"minecraft:dolphin_spawn_egg":1,"minecraft:azure_bluet":3,"minecraft:chicken":1812,"minecraft:ladder":1,"minecraft:brown_mushroom":2,"minecraft:cornflower":7,"minecraft:string":126,"minecraft:cooked_salmon":45,"minecraft:item_frame":2,"minecraft:sticky_piston":3,"minecraft:white_carpet":163,"minecraft:salmon_spawn_egg":1,"minecraft:oak_sign":4,"minecraft:activator_rail":1,"minecraft:comparator":1,"minecraft:bucket":11,"minecraft:beef":1338,"minecraft:redstone_torch":12,"minecraft:poppy":12,"minecraft:smooth_quartz":64,"minecraft:minecart":17,"minecraft:egg":62,"minecraft:dark_oak_sapling":1,"minecraft:stone":2,"minecraft:oak_door":1,"minecraft:torch":24,"minecraft:mooshroom_spawn_egg":1,"minecraft:note_block":1,"minecraft:porkchop":101,"minecraft:stone_button":9,"minecraft:redstone":168,"minecraft:stone_pressure_plate":2,"minecraft:brown_carpet":1,"minecraft:cooked_cod":1,"minecraft:red_tulip":1,"minecraft:saddle":2,"minecraft:rail":2,"minecraft:cod":68,"minecraft:white_wool":3,"minecraft:oxeye_daisy":3,"minecraft:barrier":2,"minecraft:feather":2234,"minecraft:cooked_beef":1167,"minecraft:repeater":19,"minecraft:iron_door":5,"minecraft:water_bucket":16,"minecraft:salmon":227,"minecraft:leather":2405,"minecraft:red_mushroom":7,"minecraft:lantern":11,"minecraft:birch_pressure_plate":53,"minecraft:cooked_mutton":3,"minecraft:wheat_seeds":38,"minecraft:cooked_chicken":624,"minecraft:dark_oak_sign":1,"minecraft:powered_rail":21,"minecraft:debug_stick":1,"minecraft:cooked_porkchop":281,"minecraft:dandelion":1,"minecraft:gravel":3,"minecraft:dropper":1,"minecraft:structure_void":2,"minecraft:light_gray_concrete":1,"minecraft:firework_rocket":321,"minecraft:slime_block":1,"minecraft:soul_lantern":3,"minecraft:lever":14,"minecraft:polished_blackstone_button":6,"minecraft:crossbow":1,"minecraft:birch_sign":2,"minecraft:bone_meal":17}},"DataVersion":2586}