{"stats":{"minecraft:killed":{"minecraft:dolphin":3,"minecraft:panda":4,"minecraft:chicken":41,"minecraft:llama":7,"minecraft:turtle":8,"minecraft:cat":1,"minecraft:parrot":3,"minecraft:pig":1,"minecraft:salmon":2,"minecraft:iron_golem":7,"minecraft:wandering_trader":3,"minecraft:strider":1,"minecraft:polar_bear":5,"minecraft:sheep":37,"minecraft:trader_llama":6,"minecraft:donkey":8,"minecraft:mooshroom":5,"minecraft:cow":1},"minecraft:custom":{"minecraft:mob_kills":144,"minecraft:interact_with_anvil":2,"minecraft:open_shulker_box":3,"minecraft:leave_game":16,"minecraft:time_since_death":21719,"minecraft:climb_one_cm":46173,"minecraft:sprint_one_cm":13464,"minecraft:walk_one_cm":1400488,"minecraft:drop":50,"minecraft:talked_to_villager":5,"minecraft:deaths":2,"minecraft:sneak_time":547,"minecraft:walk_under_water_one_cm":101930,"minecraft:boat_one_cm":285475,"minecraft:jump":2147,"minecraft:walk_on_water_one_cm":196648,"minecraft:enchant_item":7,"minecraft:play_record":12,"minecraft:traded_with_villager":1,"minecraft:interact_with_cartography_table":1,"minecraft:play_one_minute":1132518,"minecraft:time_since_rest":21784,"minecraft:damage_taken":560,"minecraft:trigger_trapped_chest":1,"minecraft:minecart_one_cm":13569,"minecraft:damage_dealt":17880,"minecraft:fly_one_cm":1455366,"minecraft:open_chest":42,"minecraft:crouch_one_cm":278,"minecraft:aviate_one_cm":29820,"minecraft:inspect_dispenser":8},"minecraft:dropped":{"minecraft:water_bucket":4,"minecraft:crimson_nylium":1,"minecraft:lead":6,"minecraft:scute":1,"minecraft:elytra":1,"minecraft:grass_block":1,"minecraft:music_disc_13":6,"minecraft:music_disc_11":3,"minecraft:packed_ice":1,"minecraft:stone_button":4,"minecraft:iron_door":2,"minecraft:potion":1,"minecraft:sand":1,"minecraft:dark_oak_boat":1,"minecraft:music_disc_cat":2,"minecraft:dark_oak_door":2,"minecraft:creeper_head":1,"minecraft:netherite_sword":3,"minecraft:stray_spawn_egg":1,"minecraft:oak_sign":1,"minecraft:chest":2,"minecraft:ladder":1,"minecraft:stone_bricks":1,"minecraft:spruce_log":1,"minecraft:birch_boat":1,"minecraft:black_wool":2,"minecraft:egg":4},"minecraft:used":{"minecraft:netherite_sword":334,"minecraft:jack_o_lantern":94,"minecraft:enchanting_table":3,"minecraft:carved_pumpkin":68,"minecraft:armor_stand":7,"minecraft:dispenser":4,"minecraft:redstone":82,"minecraft:ladder":159,"minecraft:oak_sign":1,"minecraft:spruce_planks":340,"minecraft:chest":8,"minecraft:stone":292,"minecraft:netherrack":2,"minecraft:oak_door":5,"minecraft:soul_campfire":2,"minecraft:torch":183,"minecraft:mooshroom_spawn_egg":4,"minecraft:anvil":1,"minecraft:stray_spawn_egg":64,"minecraft:salmon_bucket":37,"minecraft:music_disc_11":2,"minecraft:music_disc_13":3,"minecraft:spruce_fence":55,"minecraft:obsidian":18,"minecraft:birch_door":2,"minecraft:jungle_sapling":5,"minecraft:glass":282,"minecraft:stone_brick_slab":151,"minecraft:packed_ice":52,"minecraft:bricks":55,"minecraft:music_disc_pigstep":2,"minecraft:lantern":9,"minecraft:iron_block":58,"minecraft:grass_block":91,"minecraft:oak_stairs":61,"minecraft:panda_spawn_egg":2,"minecraft:spruce_button":10,"minecraft:music_disc_chirp":2,"minecraft:stone_brick_stairs":259,"minecraft:stone_bricks":1836,"minecraft:dolphin_spawn_egg":20,"minecraft:redstone_lamp":157,"minecraft:dark_oak_boat":5,"minecraft:egg":20,"minecraft:stone_pressure_plate":35,"minecraft:turtle_egg":8,"minecraft:turtle_spawn_egg":9,"minecraft:water_bucket":466,"minecraft:cobblestone_stairs":36,"minecraft:snow_block":140,"minecraft:birch_planks":485,"minecraft:infested_stone":33,"minecraft:powered_rail":2,"minecraft:cartography_table":1,"minecraft:birch_wood":21,"minecraft:ender_pearl":10,"minecraft:birch_boat":2,"minecraft:spruce_fence_gate":4,"minecraft:cobblestone_slab":39,"minecraft:white_wool":298,"minecraft:dark_oak_trapdoor":4,"minecraft:mossy_cobblestone":5,"minecraft:sand":84,"minecraft:music_disc_cat":3,"minecraft:tnt":33,"minecraft:strider_spawn_egg":1,"minecraft:birch_sign":3,"minecraft:campfire":2,"minecraft:polar_bear_spawn_egg":3,"minecraft:lime_shulker_box":1,"minecraft:spruce_log":62,"minecraft:dark_oak_door":48,"minecraft:bat_spawn_egg":1,"minecraft:redstone_torch":15,"minecraft:sticky_piston":24,"minecraft:lever":38,"minecraft:ender_eye":12,"minecraft:black_wool":115,"minecraft:firework_rocket":13,"minecraft:crying_obsidian":698,"minecraft:birch_slab":44,"minecraft:string":6,"minecraft:stone_button":30,"minecraft:lectern":2,"minecraft:stone_slab":5,"minecraft:iron_door":3,"minecraft:crimson_nylium":54,"minecraft:chiseled_stone_bricks":32,"minecraft:cod_spawn_egg":1,"minecraft:cobblestone":139,"minecraft:pufferfish_bucket":18,"minecraft:andesite":215,"minecraft:bucket":311,"minecraft:end_portal_frame":12,"minecraft:pillager_spawn_egg":16,"minecraft:husk_spawn_egg":23,"minecraft:tropical_fish_bucket":64,"minecraft:splash_potion":904,"minecraft:jukebox":2,"minecraft:soul_torch":125,"minecraft:cobweb":3},"minecraft:crafted":{"minecraft:packed_ice":1},"minecraft:picked_up":{"minecraft:seagrass":11,"minecraft:birch_door":2,"minecraft:azure_bluet":1,"minecraft:chicken":38,"minecraft:ladder":10,"minecraft:redstone_lamp":1,"minecraft:lead":12,"minecraft:packed_ice":1,"minecraft:music_disc_cat":5,"minecraft:string":6,"minecraft:elytra":1,"minecraft:pufferfish":18,"minecraft:netherite_sword":3,"minecraft:beef":56,"minecraft:redstone_torch":3,"minecraft:poppy":23,"minecraft:chest":2,"minecraft:egg":9,"minecraft:dark_oak_door":5,"minecraft:tipped_arrow":1,"minecraft:torch":12,"minecraft:porkchop":1,"minecraft:stone_button":8,"minecraft:music_disc_11":5,"minecraft:music_disc_pigstep":2,"minecraft:redstone":14,"minecraft:tropical_fish":5,"minecraft:bookshelf":1,"minecraft:mutton":55,"minecraft:cod":3,"minecraft:snowball":60,"minecraft:white_wool":31,"minecraft:feather":37,"minecraft:iron_door":1,"minecraft:water_bucket":4,"minecraft:salmon":28,"minecraft:dark_oak_boat":1,"minecraft:leather":24,"minecraft:stone_bricks":1,"minecraft:wheat_seeds":18,"minecraft:iron_ingot":31,"minecraft:bamboo":3,"minecraft:music_disc_chirp":3,"minecraft:music_disc_13":9,"minecraft:sand":16,"minecraft:soul_torch":42,"minecraft:grass_block":1,"minecraft:lever":5,"minecraft:scute":1,"minecraft:bone_meal":3,"minecraft:gray_wool":7,"minecraft:smooth_quartz_slab":1,"minecraft:black_wool":2,"minecraft:crimson_nylium":1}},"DataVersion":2586}